INSERT INTO `users` (`id`,`name`,`email`,`email_verified_at`,`password`,`user_type_value`,`remember_token`,`created_at`,`updated_at`,`username`) VALUES (1,'admin','admin@admin.com',NULL,'$2y$10$rT9fXSPdWsTnRPunsV.JGe84hjUyu0m04yLwTJsMn6Z3l9lBoW3hG',1,NULL,NULL,'2021-08-31 02:00:16','admin');
INSERT INTO `users` (`id`,`name`,`email`,`email_verified_at`,`password`,`user_type_value`,`remember_token`,`created_at`,`updated_at`,`username`) VALUES (2,'humas','humas@humas.com',NULL,'$2y$10$AHSGBiuO4zH7OvDTdl/qBOKMHWUkX6.7HKldJhxTUk6t45AT2sFY.',1,NULL,NULL,'2021-08-31 02:00:16','humas');

INSERT INTO `roles` (`id`,`code`,`name`,`data_access_value`,`head_role_id`,`is_head`,`role_level_value`,`unit_id`,`subtitute_role_id`,`is_active`,`created_at`,`updated_at`) VALUES (1,'ADM','admin',1,0,1,1,1,NULL,1,NULL,'2021-07-22 05:20:57');
INSERT INTO `roles` (`id`,`code`,`name`,`data_access_value`,`head_role_id`,`is_head`,`role_level_value`,`unit_id`,`subtitute_role_id`,`is_active`,`created_at`,`updated_at`) VALUES (2,'STUDENT','Student',1,0,0,99,0,0,1,'2021-08-05 07:48:11','2021-08-12 03:34:36');
INSERT INTO `roles` (`id`,`code`,`name`,`data_access_value`,`head_role_id`,`is_head`,`role_level_value`,`unit_id`,`subtitute_role_id`,`is_active`,`created_at`,`updated_at`) VALUES (3,'PARENT','Parent',1,0,0,100,0,0,1,'2021-08-12 03:30:03','2021-08-12 03:30:03');
INSERT INTO `roles` (`id`,`code`,`name`,`data_access_value`,`head_role_id`,`is_head`,`role_level_value`,`unit_id`,`subtitute_role_id`,`is_active`,`created_at`,`updated_at`) VALUES (4,'ADMIN_TK','Admin TK',1,0,0,5,0,0,1,'2021-08-12 09:01:34','2021-08-12 09:01:34');
INSERT INTO `roles` (`id`,`code`,`name`,`data_access_value`,`head_role_id`,`is_head`,`role_level_value`,`unit_id`,`subtitute_role_id`,`is_active`,`created_at`,`updated_at`) VALUES (5,'ADMIN_SD','Admin SD',1,0,0,5,0,0,1,'2021-08-12 09:01:53','2021-08-12 09:01:53');
INSERT INTO `roles` (`id`,`code`,`name`,`data_access_value`,`head_role_id`,`is_head`,`role_level_value`,`unit_id`,`subtitute_role_id`,`is_active`,`created_at`,`updated_at`) VALUES (6,'ADMIN_SMP','Admin SMP',1,0,0,5,0,0,1,'2021-08-12 09:01:59','2021-08-12 09:01:59');
INSERT INTO `roles` (`id`,`code`,`name`,`data_access_value`,`head_role_id`,`is_head`,`role_level_value`,`unit_id`,`subtitute_role_id`,`is_active`,`created_at`,`updated_at`) VALUES (7,'ADMIN_SMA','Admin SMA',1,0,0,5,0,0,1,'2021-08-12 09:02:04','2021-08-12 09:02:04');
INSERT INTO `roles` (`id`,`code`,`name`,`data_access_value`,`head_role_id`,`is_head`,`role_level_value`,`unit_id`,`subtitute_role_id`,`is_active`,`created_at`,`updated_at`) VALUES (8,'ADMIN_PCI','Admin PCI',1,0,0,5,0,0,1,'2021-08-12 09:02:11','2021-08-12 09:02:11');
INSERT INTO `roles` (`id`,`code`,`name`,`data_access_value`,`head_role_id`,`is_head`,`role_level_value`,`unit_id`,`subtitute_role_id`,`is_active`,`created_at`,`updated_at`) VALUES (9,'HUMAS','Humas',1,0,0,5,0,0,1,'2021-08-12 09:02:11','2021-08-12 09:02:11');

INSERT INTO `role_users` (`id`,`user_id`,`role_id`,`created_at`,`updated_at`) VALUES (1,1,1,NULL,NULL);
INSERT INTO `role_users` (`id`,`user_id`,`role_id`,`created_at`,`updated_at`) VALUES (2,2,9,NULL,NULL);

INSERT INTO `employees` (`id`,`user_id`,`name`,`created_at`,`updated_at`) VALUES (1,1,'Administrator',NULL,NULL);
INSERT INTO `employees` (`id`,`user_id`,`name`,`created_at`,`updated_at`) VALUES (2,2,'Humas',NULL,NULL);

INSERT INTO `applications` (`id`,`code`,`name`,`ip`,`host`,`created_at`,`updated_at`) VALUES (1,'PUSAT','Pusat Data','192.168.1.251','http://192.168.1.251/pusat/','2021-07-05 04:46:20','2021-08-06 07:59:57');

INSERT INTO `menus` (`id`,`name`,`parent_id`,`application_id`,`path`,`icon`,`created_at`,`updated_at`) VALUES (1,'Dashboard',0,1,'/dashboard/app','dashboard','2021-07-05 04:49:00','2021-07-26 06:19:43');
INSERT INTO `menus` (`id`,`name`,`parent_id`,`application_id`,`path`,`icon`,`created_at`,`updated_at`) VALUES (2,'Application',0,1,'/dashboard/application','apps','2021-07-05 04:51:41','2021-07-26 06:19:34');
INSERT INTO `menus` (`id`,`name`,`parent_id`,`application_id`,`path`,`icon`,`created_at`,`updated_at`) VALUES (3,'Menu',0,1,'/dashboard/menu','menu','2021-07-05 04:51:54','2021-07-23 07:53:34');
INSERT INTO `menus` (`id`,`name`,`parent_id`,`application_id`,`path`,`icon`,`created_at`,`updated_at`) VALUES (4,'Action',NULL,1,'/dashboard/action','touch_app','2021-07-05 04:52:16','2021-07-14 09:25:29');
INSERT INTO `menus` (`id`,`name`,`parent_id`,`application_id`,`path`,`icon`,`created_at`,`updated_at`) VALUES (5,'Role',NULL,1,'/dashboard/role','manage_accounts','2021-07-05 05:56:01','2021-07-14 09:28:02');
INSERT INTO `menus` (`id`,`name`,`parent_id`,`application_id`,`path`,`icon`,`created_at`,`updated_at`) VALUES (6,'Parameter',0,1,'/dashboard/parameter','touch_app',NULL,'2021-07-23 07:53:46');
INSERT INTO `menus` (`id`,`name`,`parent_id`,`application_id`,`path`,`icon`,`created_at`,`updated_at`) VALUES (7,'User',NULL,1,'/dashboard/user','perm_identity',NULL,'2021-07-14 09:28:29');
INSERT INTO `menus` (`id`,`name`,`parent_id`,`application_id`,`path`,`icon`,`created_at`,`updated_at`) VALUES (16,'Unit',NULL,1,'/dashboard/unit','apartment','2021-07-14 02:54:10','2021-07-14 09:31:49');
INSERT INTO `menus` (`id`,`name`,`parent_id`,`application_id`,`path`,`icon`,`created_at`,`updated_at`) VALUES (26,'Student',NULL,1,'/dashboard/student','school','2021-08-02 07:36:02','2021-08-02 07:37:36');
INSERT INTO `menus` (`id`,`name`,`parent_id`,`application_id`,`path`,`icon`,`created_at`,`updated_at`) VALUES (27,'Parent',NULL,1,'/dashboard/parent','family_restroom','2021-08-02 07:36:14','2021-08-02 07:37:59');
INSERT INTO `menus` (`id`,`name`,`parent_id`,`application_id`,`path`,`icon`,`created_at`,`updated_at`) VALUES (28,'Jenjang',NULL,1,'/dashboard/jenjang','window','2021-08-02 07:54:52','2021-08-02 08:06:19');
INSERT INTO `menus` (`id`,`name`,`parent_id`,`application_id`,`path`,`icon`,`created_at`,`updated_at`) VALUES (29,'School',NULL,1,'/dashboard/school','business','2021-08-02 07:55:02','2021-08-02 07:58:47');
INSERT INTO `menus` (`id`,`name`,`parent_id`,`application_id`,`path`,`icon`,`created_at`,`updated_at`) VALUES (30,'Kelas',NULL,1,'/dashboard/kelas','chair_alt','2021-08-02 07:55:12','2021-08-02 08:01:14');
INSERT INTO `menus` (`id`,`name`,`parent_id`,`application_id`,`path`,`icon`,`created_at`,`updated_at`) VALUES (31,'Jurusan',NULL,1,'/dashboard/jurusan','transfer_within_a_station','2021-08-02 07:55:31','2021-08-02 08:04:03');
INSERT INTO `menus` (`id`,`name`,`parent_id`,`application_id`,`path`,`icon`,`created_at`,`updated_at`) VALUES (32,'Parallel',NULL,1,'/dashboard/parallel','account_tree','2021-08-02 07:55:40','2021-08-02 08:03:54');
INSERT INTO `menus` (`id`,`name`,`parent_id`,`application_id`,`path`,`icon`,`created_at`,`updated_at`) VALUES (33,'Employee',NULL,1,'/dashboard/employee','badge','2021-08-05 07:44:33','2021-08-05 08:12:06');
INSERT INTO `menus` (`id`,`name`,`parent_id`,`application_id`,`path`,`icon`,`created_at`,`updated_at`) VALUES (34,'Tahun Pelajaran',NULL,1,'/dashboard/tahun-pelajaran','today','2021-08-06 03:33:01','2021-08-06 03:47:31');
INSERT INTO `menus` (`id`,`name`,`parent_id`,`application_id`,`path`,`icon`,`created_at`,`updated_at`) VALUES (35,'Profile',NULL,1,'/dashboard/profile','person','2021-08-29 01:49:19','2021-08-29 01:49:19');


INSERT INTO `actions` (`id`,`code`,`name`,`menu_id`,`application_id`,`need_approval`,`approval_type_value`,`created_at`,`updated_at`,`description`) VALUES (1,'READ','read',2,1,0,1,NULL,NULL,NULL);
INSERT INTO `actions` (`id`,`code`,`name`,`menu_id`,`application_id`,`need_approval`,`approval_type_value`,`created_at`,`updated_at`,`description`) VALUES (2,'CREATE','create',2,1,1,2,NULL,'2021-07-09 09:56:56',NULL);
INSERT INTO `actions` (`id`,`code`,`name`,`menu_id`,`application_id`,`need_approval`,`approval_type_value`,`created_at`,`updated_at`,`description`) VALUES (3,'EDIT','edit',2,1,0,1,NULL,NULL,NULL);
INSERT INTO `actions` (`id`,`code`,`name`,`menu_id`,`application_id`,`need_approval`,`approval_type_value`,`created_at`,`updated_at`,`description`) VALUES (4,'DELETE','delete',2,1,0,1,NULL,NULL,NULL);
INSERT INTO `actions` (`id`,`code`,`name`,`menu_id`,`application_id`,`need_approval`,`approval_type_value`,`created_at`,`updated_at`,`description`) VALUES (5,'READ','READ',15,2,1,2,NULL,'2021-07-09 09:42:08',NULL);
INSERT INTO `actions` (`id`,`code`,`name`,`menu_id`,`application_id`,`need_approval`,`approval_type_value`,`created_at`,`updated_at`,`description`) VALUES (6,'CREATE','create',3,1,0,1,NULL,'2021-07-13 02:59:04',NULL);
INSERT INTO `actions` (`id`,`code`,`name`,`menu_id`,`application_id`,`need_approval`,`approval_type_value`,`created_at`,`updated_at`,`description`) VALUES (7,'EDIT','edit',3,1,0,1,NULL,NULL,NULL);
INSERT INTO `actions` (`id`,`code`,`name`,`menu_id`,`application_id`,`need_approval`,`approval_type_value`,`created_at`,`updated_at`,`description`) VALUES (8,'DELETE','delete',3,1,0,1,NULL,NULL,NULL);
INSERT INTO `actions` (`id`,`code`,`name`,`menu_id`,`application_id`,`need_approval`,`approval_type_value`,`created_at`,`updated_at`,`description`) VALUES (9,'READ','read',4,1,0,1,NULL,NULL,NULL);
INSERT INTO `actions` (`id`,`code`,`name`,`menu_id`,`application_id`,`need_approval`,`approval_type_value`,`created_at`,`updated_at`,`description`) VALUES (10,'CREATE','create',4,1,0,1,NULL,NULL,NULL);
INSERT INTO `actions` (`id`,`code`,`name`,`menu_id`,`application_id`,`need_approval`,`approval_type_value`,`created_at`,`updated_at`,`description`) VALUES (11,'EDIT','edit',4,1,0,1,NULL,NULL,NULL);
INSERT INTO `actions` (`id`,`code`,`name`,`menu_id`,`application_id`,`need_approval`,`approval_type_value`,`created_at`,`updated_at`,`description`) VALUES (12,'DELETE','delete',4,1,0,1,NULL,NULL,NULL);
INSERT INTO `actions` (`id`,`code`,`name`,`menu_id`,`application_id`,`need_approval`,`approval_type_value`,`created_at`,`updated_at`,`description`) VALUES (13,'READ','read',5,1,0,1,NULL,NULL,NULL);
INSERT INTO `actions` (`id`,`code`,`name`,`menu_id`,`application_id`,`need_approval`,`approval_type_value`,`created_at`,`updated_at`,`description`) VALUES (14,'CREATE','create',5,1,0,1,NULL,NULL,NULL);
INSERT INTO `actions` (`id`,`code`,`name`,`menu_id`,`application_id`,`need_approval`,`approval_type_value`,`created_at`,`updated_at`,`description`) VALUES (15,'EDIT','edit',5,1,0,1,NULL,NULL,NULL);
INSERT INTO `actions` (`id`,`code`,`name`,`menu_id`,`application_id`,`need_approval`,`approval_type_value`,`created_at`,`updated_at`,`description`) VALUES (16,'DELETE','delete',5,1,0,1,NULL,NULL,NULL);
INSERT INTO `actions` (`id`,`code`,`name`,`menu_id`,`application_id`,`need_approval`,`approval_type_value`,`created_at`,`updated_at`,`description`) VALUES (17,'READ','read',6,1,0,1,NULL,NULL,NULL);
INSERT INTO `actions` (`id`,`code`,`name`,`menu_id`,`application_id`,`need_approval`,`approval_type_value`,`created_at`,`updated_at`,`description`) VALUES (18,'CREATE','create',6,1,0,1,NULL,NULL,NULL);
INSERT INTO `actions` (`id`,`code`,`name`,`menu_id`,`application_id`,`need_approval`,`approval_type_value`,`created_at`,`updated_at`,`description`) VALUES (19,'EDIT','edit',6,1,0,1,NULL,NULL,NULL);
INSERT INTO `actions` (`id`,`code`,`name`,`menu_id`,`application_id`,`need_approval`,`approval_type_value`,`created_at`,`updated_at`,`description`) VALUES (20,'DELETE','delete',6,1,0,1,NULL,NULL,NULL);
INSERT INTO `actions` (`id`,`code`,`name`,`menu_id`,`application_id`,`need_approval`,`approval_type_value`,`created_at`,`updated_at`,`description`) VALUES (21,'CREATE','Create',16,1,1,1,'2021-07-14 04:48:55','2021-07-26 07:42:19','description');
INSERT INTO `actions` (`id`,`code`,`name`,`menu_id`,`application_id`,`need_approval`,`approval_type_value`,`created_at`,`updated_at`,`description`) VALUES (22,'EDIT','Edit',16,1,0,1,'2021-07-14 04:51:38','2021-07-14 04:51:38',NULL);
INSERT INTO `actions` (`id`,`code`,`name`,`menu_id`,`application_id`,`need_approval`,`approval_type_value`,`created_at`,`updated_at`,`description`) VALUES (23,'DELETE','Delete',16,1,0,1,'2021-07-14 04:51:52','2021-07-14 04:51:52',NULL);
INSERT INTO `actions` (`id`,`code`,`name`,`menu_id`,`application_id`,`need_approval`,`approval_type_value`,`created_at`,`updated_at`,`description`) VALUES (24,'CREATE','Create',20,4,1,2,'2021-07-16 01:33:13','2021-07-16 01:33:13',NULL);
INSERT INTO `actions` (`id`,`code`,`name`,`menu_id`,`application_id`,`need_approval`,`approval_type_value`,`created_at`,`updated_at`,`description`) VALUES (25,'EDIT','Edit',20,4,0,1,'2021-07-16 01:33:30','2021-07-16 01:33:30',NULL);
INSERT INTO `actions` (`id`,`code`,`name`,`menu_id`,`application_id`,`need_approval`,`approval_type_value`,`created_at`,`updated_at`,`description`) VALUES (26,'DELETE','Delete',20,4,0,1,'2021-07-16 01:33:48','2021-07-16 01:33:48',NULL);
INSERT INTO `actions` (`id`,`code`,`name`,`menu_id`,`application_id`,`need_approval`,`approval_type_value`,`created_at`,`updated_at`,`description`) VALUES (27,'CREATE','Create',7,1,0,1,'2021-07-16 01:53:05','2021-07-16 01:53:05',NULL);
INSERT INTO `actions` (`id`,`code`,`name`,`menu_id`,`application_id`,`need_approval`,`approval_type_value`,`created_at`,`updated_at`,`description`) VALUES (28,'EDIT','Edit',7,1,0,1,'2021-07-16 01:53:15','2021-07-16 01:53:15',NULL);
INSERT INTO `actions` (`id`,`code`,`name`,`menu_id`,`application_id`,`need_approval`,`approval_type_value`,`created_at`,`updated_at`,`description`) VALUES (29,'DELETE','Delete',7,1,0,1,'2021-07-16 01:53:43','2021-07-16 01:53:43',NULL);
INSERT INTO `actions` (`id`,`code`,`name`,`menu_id`,`application_id`,`need_approval`,`approval_type_value`,`created_at`,`updated_at`,`description`) VALUES (43,'READ','read',26,1,1,1,'2021-08-02 07:36:02','2021-08-02 07:36:02',NULL);
INSERT INTO `actions` (`id`,`code`,`name`,`menu_id`,`application_id`,`need_approval`,`approval_type_value`,`created_at`,`updated_at`,`description`) VALUES (44,'CREATE','create',26,1,1,1,'2021-08-02 07:36:03','2021-08-02 07:36:03',NULL);
INSERT INTO `actions` (`id`,`code`,`name`,`menu_id`,`application_id`,`need_approval`,`approval_type_value`,`created_at`,`updated_at`,`description`) VALUES (45,'EDIT','edit',26,1,1,1,'2021-08-02 07:36:03','2021-08-02 07:36:03',NULL);
INSERT INTO `actions` (`id`,`code`,`name`,`menu_id`,`application_id`,`need_approval`,`approval_type_value`,`created_at`,`updated_at`,`description`) VALUES (46,'READ','read',27,1,1,1,'2021-08-02 07:36:14','2021-08-02 07:36:14',NULL);
INSERT INTO `actions` (`id`,`code`,`name`,`menu_id`,`application_id`,`need_approval`,`approval_type_value`,`created_at`,`updated_at`,`description`) VALUES (47,'CREATE','create',27,1,1,1,'2021-08-02 07:36:14','2021-08-02 07:36:14',NULL);
INSERT INTO `actions` (`id`,`code`,`name`,`menu_id`,`application_id`,`need_approval`,`approval_type_value`,`created_at`,`updated_at`,`description`) VALUES (48,'EDIT','edit',27,1,1,1,'2021-08-02 07:36:14','2021-08-02 07:36:14',NULL);
INSERT INTO `actions` (`id`,`code`,`name`,`menu_id`,`application_id`,`need_approval`,`approval_type_value`,`created_at`,`updated_at`,`description`) VALUES (49,'READ','read',28,1,1,1,'2021-08-02 07:54:52','2021-08-02 07:54:52',NULL);
INSERT INTO `actions` (`id`,`code`,`name`,`menu_id`,`application_id`,`need_approval`,`approval_type_value`,`created_at`,`updated_at`,`description`) VALUES (50,'CREATE','create',28,1,1,1,'2021-08-02 07:54:52','2021-08-02 07:54:52',NULL);
INSERT INTO `actions` (`id`,`code`,`name`,`menu_id`,`application_id`,`need_approval`,`approval_type_value`,`created_at`,`updated_at`,`description`) VALUES (51,'EDIT','edit',28,1,1,1,'2021-08-02 07:54:52','2021-08-02 07:54:52',NULL);
INSERT INTO `actions` (`id`,`code`,`name`,`menu_id`,`application_id`,`need_approval`,`approval_type_value`,`created_at`,`updated_at`,`description`) VALUES (52,'READ','read',29,1,1,1,'2021-08-02 07:55:02','2021-08-02 07:55:02',NULL);
INSERT INTO `actions` (`id`,`code`,`name`,`menu_id`,`application_id`,`need_approval`,`approval_type_value`,`created_at`,`updated_at`,`description`) VALUES (53,'CREATE','create',29,1,1,1,'2021-08-02 07:55:02','2021-08-02 07:55:02',NULL);
INSERT INTO `actions` (`id`,`code`,`name`,`menu_id`,`application_id`,`need_approval`,`approval_type_value`,`created_at`,`updated_at`,`description`) VALUES (54,'EDIT','edit',29,1,1,1,'2021-08-02 07:55:02','2021-08-02 07:55:02',NULL);
INSERT INTO `actions` (`id`,`code`,`name`,`menu_id`,`application_id`,`need_approval`,`approval_type_value`,`created_at`,`updated_at`,`description`) VALUES (55,'READ','read',30,1,1,1,'2021-08-02 07:55:13','2021-08-02 07:55:13',NULL);
INSERT INTO `actions` (`id`,`code`,`name`,`menu_id`,`application_id`,`need_approval`,`approval_type_value`,`created_at`,`updated_at`,`description`) VALUES (56,'CREATE','create',30,1,1,1,'2021-08-02 07:55:13','2021-08-02 07:55:13',NULL);
INSERT INTO `actions` (`id`,`code`,`name`,`menu_id`,`application_id`,`need_approval`,`approval_type_value`,`created_at`,`updated_at`,`description`) VALUES (57,'EDIT','edit',30,1,1,1,'2021-08-02 07:55:13','2021-08-02 07:55:13',NULL);
INSERT INTO `actions` (`id`,`code`,`name`,`menu_id`,`application_id`,`need_approval`,`approval_type_value`,`created_at`,`updated_at`,`description`) VALUES (58,'READ','read',31,1,1,1,'2021-08-02 07:55:31','2021-08-02 07:55:31',NULL);
INSERT INTO `actions` (`id`,`code`,`name`,`menu_id`,`application_id`,`need_approval`,`approval_type_value`,`created_at`,`updated_at`,`description`) VALUES (59,'CREATE','create',31,1,1,1,'2021-08-02 07:55:31','2021-08-02 07:55:31',NULL);
INSERT INTO `actions` (`id`,`code`,`name`,`menu_id`,`application_id`,`need_approval`,`approval_type_value`,`created_at`,`updated_at`,`description`) VALUES (60,'EDIT','edit',31,1,1,1,'2021-08-02 07:55:31','2021-08-02 07:55:31',NULL);
INSERT INTO `actions` (`id`,`code`,`name`,`menu_id`,`application_id`,`need_approval`,`approval_type_value`,`created_at`,`updated_at`,`description`) VALUES (61,'READ','read',32,1,1,1,'2021-08-02 07:55:40','2021-08-02 07:55:40',NULL);
INSERT INTO `actions` (`id`,`code`,`name`,`menu_id`,`application_id`,`need_approval`,`approval_type_value`,`created_at`,`updated_at`,`description`) VALUES (62,'CREATE','create',32,1,1,1,'2021-08-02 07:55:40','2021-08-02 07:55:40',NULL);
INSERT INTO `actions` (`id`,`code`,`name`,`menu_id`,`application_id`,`need_approval`,`approval_type_value`,`created_at`,`updated_at`,`description`) VALUES (63,'EDIT','edit',32,1,1,1,'2021-08-02 07:55:41','2021-08-02 07:55:41',NULL);
INSERT INTO `actions` (`id`,`code`,`name`,`menu_id`,`application_id`,`need_approval`,`approval_type_value`,`created_at`,`updated_at`,`description`) VALUES (64,'READ','read',33,1,1,1,'2021-08-05 07:44:33','2021-08-05 07:44:33',NULL);
INSERT INTO `actions` (`id`,`code`,`name`,`menu_id`,`application_id`,`need_approval`,`approval_type_value`,`created_at`,`updated_at`,`description`) VALUES (65,'CREATE','create',33,1,1,1,'2021-08-05 07:44:33','2021-08-05 07:44:33',NULL);
INSERT INTO `actions` (`id`,`code`,`name`,`menu_id`,`application_id`,`need_approval`,`approval_type_value`,`created_at`,`updated_at`,`description`) VALUES (66,'EDIT','edit',33,1,1,1,'2021-08-05 07:44:33','2021-08-05 07:44:33',NULL);
INSERT INTO `actions` (`id`,`code`,`name`,`menu_id`,`application_id`,`need_approval`,`approval_type_value`,`created_at`,`updated_at`,`description`) VALUES (67,'READ','read',34,1,1,1,'2021-08-06 03:33:01','2021-08-06 03:33:01',NULL);
INSERT INTO `actions` (`id`,`code`,`name`,`menu_id`,`application_id`,`need_approval`,`approval_type_value`,`created_at`,`updated_at`,`description`) VALUES (68,'CREATE','create',34,1,1,1,'2021-08-06 03:33:01','2021-08-06 03:33:01',NULL);
INSERT INTO `actions` (`id`,`code`,`name`,`menu_id`,`application_id`,`need_approval`,`approval_type_value`,`created_at`,`updated_at`,`description`) VALUES (69,'EDIT','edit',34,1,1,1,'2021-08-06 03:33:01','2021-08-06 03:33:01',NULL);
INSERT INTO `actions` (`id`,`code`,`name`,`menu_id`,`application_id`,`need_approval`,`approval_type_value`,`created_at`,`updated_at`,`description`) VALUES (70,'SYNC_TK','Sync TK',26,1,0,1,'2021-08-12 07:51:54','2021-08-12 07:51:54','Sync TK');
INSERT INTO `actions` (`id`,`code`,`name`,`menu_id`,`application_id`,`need_approval`,`approval_type_value`,`created_at`,`updated_at`,`description`) VALUES (71,'SYNC_SD','Sync SD',26,1,0,1,'2021-08-12 07:52:16','2021-08-12 07:52:16','Sync SD');
INSERT INTO `actions` (`id`,`code`,`name`,`menu_id`,`application_id`,`need_approval`,`approval_type_value`,`created_at`,`updated_at`,`description`) VALUES (72,'SYNC_SMP','Sync SMP',26,1,0,1,'2021-08-12 07:52:43','2021-08-12 07:52:43','Sync SMP');
INSERT INTO `actions` (`id`,`code`,`name`,`menu_id`,`application_id`,`need_approval`,`approval_type_value`,`created_at`,`updated_at`,`description`) VALUES (73,'SYNC_SMA','Sync SMA',26,1,0,1,'2021-08-12 07:53:14','2021-08-12 07:53:14','Sync SMA');
INSERT INTO `actions` (`id`,`code`,`name`,`menu_id`,`application_id`,`need_approval`,`approval_type_value`,`created_at`,`updated_at`,`description`) VALUES (74,'SYNC_PCI','Sync PCI',26,1,0,1,'2021-08-12 07:53:39','2021-08-12 07:53:39','Sync PCI');
INSERT INTO `actions` (`id`,`code`,`name`,`menu_id`,`application_id`,`need_approval`,`approval_type_value`,`created_at`,`updated_at`,`description`) VALUES (75,'SYNC_TK','Sync TK',30,1,0,1,'2021-08-24 02:00:41','2021-08-24 02:00:41','Sync TK');
INSERT INTO `actions` (`id`,`code`,`name`,`menu_id`,`application_id`,`need_approval`,`approval_type_value`,`created_at`,`updated_at`,`description`) VALUES (76,'SYNC_TK','Sync TK',32,1,0,1,'2021-08-24 03:21:06','2021-08-24 03:21:06','Sync parallel TK');
INSERT INTO `actions` (`id`,`code`,`name`,`menu_id`,`application_id`,`need_approval`,`approval_type_value`,`created_at`,`updated_at`,`description`) VALUES (77,'SYNC_SD','Sync SD',30,1,0,1,'2021-08-24 07:27:53','2021-08-24 07:27:53','Sync kelas SD');
INSERT INTO `actions` (`id`,`code`,`name`,`menu_id`,`application_id`,`need_approval`,`approval_type_value`,`created_at`,`updated_at`,`description`) VALUES (78,'SYNC_SMP','Sync SMP',30,1,0,1,'2021-08-24 07:28:20','2021-08-24 07:28:20','Sync kelas SMP');
INSERT INTO `actions` (`id`,`code`,`name`,`menu_id`,`application_id`,`need_approval`,`approval_type_value`,`created_at`,`updated_at`,`description`) VALUES (79,'SYNC_SMA','Sync SMA',30,1,0,1,'2021-08-24 07:28:40','2021-08-24 07:28:40','Sync kelas SMA');
INSERT INTO `actions` (`id`,`code`,`name`,`menu_id`,`application_id`,`need_approval`,`approval_type_value`,`created_at`,`updated_at`,`description`) VALUES (80,'SYNC_SD','Sync SD',32,1,0,1,'2021-08-24 07:29:37','2021-08-24 07:29:37','Sync parallel SD');
INSERT INTO `actions` (`id`,`code`,`name`,`menu_id`,`application_id`,`need_approval`,`approval_type_value`,`created_at`,`updated_at`,`description`) VALUES (81,'SYNC_SMP','Sync SMP',32,1,0,1,'2021-08-24 07:30:06','2021-08-24 07:30:06','Sync parallel SMP');
INSERT INTO `actions` (`id`,`code`,`name`,`menu_id`,`application_id`,`need_approval`,`approval_type_value`,`created_at`,`updated_at`,`description`) VALUES (82,'SYNC_SMA','Sync SMA',32,1,0,1,'2021-08-24 07:30:30','2021-08-24 07:30:30','Sync parallel SMA');
INSERT INTO `actions` (`id`,`code`,`name`,`menu_id`,`application_id`,`need_approval`,`approval_type_value`,`created_at`,`updated_at`,`description`) VALUES (83,'SYNC_SMA','Sync SMA',31,1,0,1,'2021-08-25 03:24:30','2021-08-25 03:24:30','Sync SMA');
INSERT INTO `actions` (`id`,`code`,`name`,`menu_id`,`application_id`,`need_approval`,`approval_type_value`,`created_at`,`updated_at`,`description`) VALUES (84,'READ','read',35,1,1,1,'2021-08-29 01:49:20','2021-08-29 01:49:20',NULL);
INSERT INTO `actions` (`id`,`code`,`name`,`menu_id`,`application_id`,`need_approval`,`approval_type_value`,`created_at`,`updated_at`,`description`) VALUES (85,'CREATE','create',35,1,1,1,'2021-08-29 01:49:20','2021-08-29 01:49:20',NULL);
INSERT INTO `actions` (`id`,`code`,`name`,`menu_id`,`application_id`,`need_approval`,`approval_type_value`,`created_at`,`updated_at`,`description`) VALUES (86,'EDIT','edit',35,1,1,1,'2021-08-29 01:49:20','2021-08-29 01:49:20',NULL);

INSERT INTO `parameters` (`id`,`code`,`name`,`group`,`value`,`description`,`owner_user_id`,`owner_role_id`,`created_at`,`updated_at`) VALUES (3,'SELF','Diri Sendiri','data_access','1','Diri Sendiri',0,0,'2021-07-21 03:58:49','2021-07-22 05:19:16');
INSERT INTO `parameters` (`id`,`code`,`name`,`group`,`value`,`description`,`owner_user_id`,`owner_role_id`,`created_at`,`updated_at`) VALUES (4,'UNIT','Satu Unit','data_access','2','Satu Unit',0,0,'2021-07-22 05:20:01','2021-07-22 05:20:01');
INSERT INTO `parameters` (`id`,`code`,`name`,`group`,`value`,`description`,`owner_user_id`,`owner_role_id`,`created_at`,`updated_at`) VALUES (5,'DIREKTUR','Direktur','role_level','1','level Direktur',0,0,'2021-07-23 07:54:55','2021-07-23 07:54:55');
INSERT INTO `parameters` (`id`,`code`,`name`,`group`,`value`,`description`,`owner_user_id`,`owner_role_id`,`created_at`,`updated_at`) VALUES (6,'WADIR','Wakil Direktur','role_level','2','level Wakil Direktur',0,0,'2021-07-23 07:55:13','2021-07-23 07:55:13');
INSERT INTO `parameters` (`id`,`code`,`name`,`group`,`value`,`description`,`owner_user_id`,`owner_role_id`,`created_at`,`updated_at`) VALUES (7,'STUDENT','Student','role_level','99','role level student',0,0,'2021-08-05 07:47:17','2021-08-12 03:32:37');
INSERT INTO `parameters` (`id`,`code`,`name`,`group`,`value`,`description`,`owner_user_id`,`owner_role_id`,`created_at`,`updated_at`) VALUES (9,'STUDENT','Student','user_type','2','Student',0,0,'2021-08-12 03:27:17','2021-08-12 03:27:17');
INSERT INTO `parameters` (`id`,`code`,`name`,`group`,`value`,`description`,`owner_user_id`,`owner_role_id`,`created_at`,`updated_at`) VALUES (11,'PARENT','Parent','role_level','100','role level parent',0,0,'2021-08-12 03:34:00','2021-08-12 03:34:00');
INSERT INTO `parameters` (`id`,`code`,`name`,`group`,`value`,`description`,`owner_user_id`,`owner_role_id`,`created_at`,`updated_at`) VALUES (12,'EMPLOYEE','Employee','user_type','1','Employee',0,0,'2021-08-12 08:13:01','2021-08-12 08:13:01');
INSERT INTO `parameters` (`id`,`code`,`name`,`group`,`value`,`description`,`owner_user_id`,`owner_role_id`,`created_at`,`updated_at`) VALUES (14,'PARENT','Parent','user_type','3','Parent',0,0,'2021-08-12 08:13:31','2021-08-12 08:13:31');
INSERT INTO `parameters` (`id`,`code`,`name`,`group`,`value`,`description`,`owner_user_id`,`owner_role_id`,`created_at`,`updated_at`) VALUES (15,'STAFF','Staff','role_level','5','employee level staff',0,0,'2021-08-12 09:00:58','2021-08-12 09:00:58');
INSERT INTO `parameters` (`id`,`code`,`name`,`group`,`value`,`description`,`owner_user_id`,`owner_role_id`,`created_at`,`updated_at`) VALUES (16,'L','Laki - laki','sex_type','1','Laki - laki',0,0,'2021-08-30 00:43:21','2021-08-30 00:43:21');
INSERT INTO `parameters` (`id`,`code`,`name`,`group`,`value`,`description`,`owner_user_id`,`owner_role_id`,`created_at`,`updated_at`) VALUES (17,'P','Perempuan','sex_type','2','Perempuan',0,0,'2021-08-30 00:43:32','2021-08-30 00:43:32');
INSERT INTO `parameters` (`id`,`code`,`name`,`group`,`value`,`description`,`owner_user_id`,`owner_role_id`,`created_at`,`updated_at`) VALUES (18,'F','Ayah','parent_type','1','ayah',0,0,'2021-08-30 00:55:10','2021-08-30 00:55:10');
INSERT INTO `parameters` (`id`,`code`,`name`,`group`,`value`,`description`,`owner_user_id`,`owner_role_id`,`created_at`,`updated_at`) VALUES (19,'M','Ibu','parent_type','2','Ibu',0,0,'2021-08-30 00:55:21','2021-08-30 00:55:21');
INSERT INTO `parameters` (`id`,`code`,`name`,`group`,`value`,`description`,`owner_user_id`,`owner_role_id`,`created_at`,`updated_at`) VALUES (20,'KAKEK','Kakek','wali_type','1','Kakek',0,0,'2021-08-30 01:00:30','2021-08-30 01:00:30');
INSERT INTO `parameters` (`id`,`code`,`name`,`group`,`value`,`description`,`owner_user_id`,`owner_role_id`,`created_at`,`updated_at`) VALUES (21,'NENEK','Nenek','wali_type','2','Nenek',0,0,'2021-08-30 01:00:45','2021-08-30 01:00:45');
INSERT INTO `parameters` (`id`,`code`,`name`,`group`,`value`,`description`,`owner_user_id`,`owner_role_id`,`created_at`,`updated_at`) VALUES (22,'PAMAN','Paman','wali_type','3','Paman',0,0,'2021-08-30 01:01:18','2021-08-30 01:01:18');
INSERT INTO `parameters` (`id`,`code`,`name`,`group`,`value`,`description`,`owner_user_id`,`owner_role_id`,`created_at`,`updated_at`) VALUES (23,'BIBI','Bibi','wali_type','4','Bibi',0,0,'2021-08-30 01:02:39','2021-08-30 01:02:39');
INSERT INTO `parameters` (`id`,`code`,`name`,`group`,`value`,`description`,`owner_user_id`,`owner_role_id`,`created_at`,`updated_at`) VALUES (24,'KAKAK','Kakak','wali_type','5','Kakak',0,0,'2021-08-30 01:02:52','2021-08-30 01:02:52');
INSERT INTO `parameters` (`id`,`code`,`name`,`group`,`value`,`description`,`owner_user_id`,`owner_role_id`,`created_at`,`updated_at`) VALUES (25,'ISLAM','Islam','religion','1','Islam',0,0,'2021-08-30 09:17:10','2021-08-30 09:23:53');
INSERT INTO `parameters` (`id`,`code`,`name`,`group`,`value`,`description`,`owner_user_id`,`owner_role_id`,`created_at`,`updated_at`) VALUES (26,'KRISTEN','Kristen','religion','2','Kristen',0,0,'2021-08-30 09:18:26','2021-08-30 09:24:14');
INSERT INTO `parameters` (`id`,`code`,`name`,`group`,`value`,`description`,`owner_user_id`,`owner_role_id`,`created_at`,`updated_at`) VALUES (27,'KATOLIK','Katolik','religion','3','Katolik',0,0,'2021-08-30 09:18:43','2021-08-30 09:24:01');
INSERT INTO `parameters` (`id`,`code`,`name`,`group`,`value`,`description`,`owner_user_id`,`owner_role_id`,`created_at`,`updated_at`) VALUES (28,'HINDU','Hindu','religion','4','Hindu',0,0,'2021-08-30 09:18:54','2021-08-30 09:23:46');
INSERT INTO `parameters` (`id`,`code`,`name`,`group`,`value`,`description`,`owner_user_id`,`owner_role_id`,`created_at`,`updated_at`) VALUES (29,'BUDDHA','Buddha','religion','5','Buddha',0,0,'2021-08-30 09:19:15','2021-08-30 09:23:36');
INSERT INTO `parameters` (`id`,`code`,`name`,`group`,`value`,`description`,`owner_user_id`,`owner_role_id`,`created_at`,`updated_at`) VALUES (30,'KONGHUCU','Konghucu','religion','6','Konghucu',0,0,'2021-08-30 09:19:38','2021-08-30 09:24:08');
INSERT INTO `parameters` (`id`,`code`,`name`,`group`,`value`,`description`,`owner_user_id`,`owner_role_id`,`created_at`,`updated_at`) VALUES (31,'PARENT','Orang tua','stay_with','1','Orang tua',0,0,'2021-08-30 09:33:14','2021-08-30 09:33:14');
INSERT INTO `parameters` (`id`,`code`,`name`,`group`,`value`,`description`,`owner_user_id`,`owner_role_id`,`created_at`,`updated_at`) VALUES (32,'KAKEK','Kakek / Nenek','stay_with','2','Kakek / Nenek',0,0,'2021-08-30 09:33:51','2021-08-30 09:35:06');
INSERT INTO `parameters` (`id`,`code`,`name`,`group`,`value`,`description`,`owner_user_id`,`owner_role_id`,`created_at`,`updated_at`) VALUES (33,'PAMAN','Paman / Bibi','stay_with','3','Paman / Bibi',0,0,'2021-08-30 09:34:16','2021-08-30 09:34:16');
INSERT INTO `parameters` (`id`,`code`,`name`,`group`,`value`,`description`,`owner_user_id`,`owner_role_id`,`created_at`,`updated_at`) VALUES (34,'KAKAK','Kakak / Adik','stay_with','4','Kakak / Adik',0,0,'2021-08-30 09:34:39','2021-08-30 09:34:39');
INSERT INTO `parameters` (`id`,`code`,`name`,`group`,`value`,`description`,`owner_user_id`,`owner_role_id`,`created_at`,`updated_at`) VALUES (35,'ACTIVE','Siswa Aktif','student_status','1','Siswa Aktif',0,0,'2021-08-30 09:37:16','2021-08-30 09:37:16');
INSERT INTO `parameters` (`id`,`code`,`name`,`group`,`value`,`description`,`owner_user_id`,`owner_role_id`,`created_at`,`updated_at`) VALUES (36,'LULUS','Sudah Lulus','student_status','2','Sudah Lulus',0,0,'2021-08-30 09:37:52','2021-08-30 09:38:53');
INSERT INTO `parameters` (`id`,`code`,`name`,`group`,`value`,`description`,`owner_user_id`,`owner_role_id`,`created_at`,`updated_at`) VALUES (37,'PINDAH','Pindah Sekolah','student_status','3','Pindah Sekolah',0,0,'2021-08-30 09:38:14','2021-08-30 09:38:14');
INSERT INTO `parameters` (`id`,`code`,`name`,`group`,`value`,`description`,`owner_user_id`,`owner_role_id`,`created_at`,`updated_at`) VALUES (38,'DIKELUARKAN','Dikeluarkan','student_status','4','Dikeluarkan',0,0,'2021-08-30 09:38:35','2021-08-30 09:38:35');


INSERT INTO `role_actions` (`id`,`action_id`,`role_id`,`created_at`,`updated_at`) VALUES (1,1,1,NULL,NULL);
INSERT INTO `role_actions` (`id`,`action_id`,`role_id`,`created_at`,`updated_at`) VALUES (8,5,1,NULL,NULL);
INSERT INTO `role_actions` (`id`,`action_id`,`role_id`,`created_at`,`updated_at`) VALUES (9,7,1,NULL,NULL);
INSERT INTO `role_actions` (`id`,`action_id`,`role_id`,`created_at`,`updated_at`) VALUES (10,6,1,NULL,NULL);
INSERT INTO `role_actions` (`id`,`action_id`,`role_id`,`created_at`,`updated_at`) VALUES (12,13,1,NULL,NULL);
INSERT INTO `role_actions` (`id`,`action_id`,`role_id`,`created_at`,`updated_at`) VALUES (13,14,1,NULL,NULL);
INSERT INTO `role_actions` (`id`,`action_id`,`role_id`,`created_at`,`updated_at`) VALUES (14,15,1,NULL,NULL);
INSERT INTO `role_actions` (`id`,`action_id`,`role_id`,`created_at`,`updated_at`) VALUES (15,16,1,NULL,NULL);
INSERT INTO `role_actions` (`id`,`action_id`,`role_id`,`created_at`,`updated_at`) VALUES (16,17,1,NULL,NULL);
INSERT INTO `role_actions` (`id`,`action_id`,`role_id`,`created_at`,`updated_at`) VALUES (17,18,1,NULL,NULL);
INSERT INTO `role_actions` (`id`,`action_id`,`role_id`,`created_at`,`updated_at`) VALUES (18,19,1,NULL,NULL);
INSERT INTO `role_actions` (`id`,`action_id`,`role_id`,`created_at`,`updated_at`) VALUES (19,20,1,NULL,NULL);
INSERT INTO `role_actions` (`id`,`action_id`,`role_id`,`created_at`,`updated_at`) VALUES (23,2,1,NULL,NULL);
INSERT INTO `role_actions` (`id`,`action_id`,`role_id`,`created_at`,`updated_at`) VALUES (24,3,1,NULL,NULL);
INSERT INTO `role_actions` (`id`,`action_id`,`role_id`,`created_at`,`updated_at`) VALUES (25,4,1,NULL,NULL);
INSERT INTO `role_actions` (`id`,`action_id`,`role_id`,`created_at`,`updated_at`) VALUES (26,9,1,NULL,NULL);
INSERT INTO `role_actions` (`id`,`action_id`,`role_id`,`created_at`,`updated_at`) VALUES (27,10,1,NULL,NULL);
INSERT INTO `role_actions` (`id`,`action_id`,`role_id`,`created_at`,`updated_at`) VALUES (28,11,1,NULL,NULL);
INSERT INTO `role_actions` (`id`,`action_id`,`role_id`,`created_at`,`updated_at`) VALUES (30,12,1,NULL,NULL);
INSERT INTO `role_actions` (`id`,`action_id`,`role_id`,`created_at`,`updated_at`) VALUES (31,24,1,NULL,NULL);
INSERT INTO `role_actions` (`id`,`action_id`,`role_id`,`created_at`,`updated_at`) VALUES (32,25,1,NULL,NULL);
INSERT INTO `role_actions` (`id`,`action_id`,`role_id`,`created_at`,`updated_at`) VALUES (33,26,1,NULL,NULL);
INSERT INTO `role_actions` (`id`,`action_id`,`role_id`,`created_at`,`updated_at`) VALUES (34,27,1,NULL,NULL);
INSERT INTO `role_actions` (`id`,`action_id`,`role_id`,`created_at`,`updated_at`) VALUES (35,28,1,NULL,NULL);
INSERT INTO `role_actions` (`id`,`action_id`,`role_id`,`created_at`,`updated_at`) VALUES (36,29,1,NULL,NULL);
INSERT INTO `role_actions` (`id`,`action_id`,`role_id`,`created_at`,`updated_at`) VALUES (43,48,1,NULL,NULL);
INSERT INTO `role_actions` (`id`,`action_id`,`role_id`,`created_at`,`updated_at`) VALUES (44,47,1,NULL,NULL);
INSERT INTO `role_actions` (`id`,`action_id`,`role_id`,`created_at`,`updated_at`) VALUES (45,46,1,NULL,NULL);
INSERT INTO `role_actions` (`id`,`action_id`,`role_id`,`created_at`,`updated_at`) VALUES (46,45,1,NULL,NULL);
INSERT INTO `role_actions` (`id`,`action_id`,`role_id`,`created_at`,`updated_at`) VALUES (47,44,1,NULL,NULL);
INSERT INTO `role_actions` (`id`,`action_id`,`role_id`,`created_at`,`updated_at`) VALUES (48,43,1,NULL,NULL);
INSERT INTO `role_actions` (`id`,`action_id`,`role_id`,`created_at`,`updated_at`) VALUES (49,63,1,NULL,NULL);
INSERT INTO `role_actions` (`id`,`action_id`,`role_id`,`created_at`,`updated_at`) VALUES (50,61,1,NULL,NULL);
INSERT INTO `role_actions` (`id`,`action_id`,`role_id`,`created_at`,`updated_at`) VALUES (51,62,1,NULL,NULL);
INSERT INTO `role_actions` (`id`,`action_id`,`role_id`,`created_at`,`updated_at`) VALUES (52,58,1,NULL,NULL);
INSERT INTO `role_actions` (`id`,`action_id`,`role_id`,`created_at`,`updated_at`) VALUES (53,59,1,NULL,NULL);
INSERT INTO `role_actions` (`id`,`action_id`,`role_id`,`created_at`,`updated_at`) VALUES (54,60,1,NULL,NULL);
INSERT INTO `role_actions` (`id`,`action_id`,`role_id`,`created_at`,`updated_at`) VALUES (55,55,1,NULL,NULL);
INSERT INTO `role_actions` (`id`,`action_id`,`role_id`,`created_at`,`updated_at`) VALUES (56,56,1,NULL,NULL);
INSERT INTO `role_actions` (`id`,`action_id`,`role_id`,`created_at`,`updated_at`) VALUES (57,57,1,NULL,NULL);
INSERT INTO `role_actions` (`id`,`action_id`,`role_id`,`created_at`,`updated_at`) VALUES (58,53,1,NULL,NULL);
INSERT INTO `role_actions` (`id`,`action_id`,`role_id`,`created_at`,`updated_at`) VALUES (59,54,1,NULL,NULL);
INSERT INTO `role_actions` (`id`,`action_id`,`role_id`,`created_at`,`updated_at`) VALUES (60,52,1,NULL,NULL);
INSERT INTO `role_actions` (`id`,`action_id`,`role_id`,`created_at`,`updated_at`) VALUES (61,49,1,NULL,NULL);
INSERT INTO `role_actions` (`id`,`action_id`,`role_id`,`created_at`,`updated_at`) VALUES (62,50,1,NULL,NULL);
INSERT INTO `role_actions` (`id`,`action_id`,`role_id`,`created_at`,`updated_at`) VALUES (63,51,1,NULL,NULL);
INSERT INTO `role_actions` (`id`,`action_id`,`role_id`,`created_at`,`updated_at`) VALUES (64,64,1,NULL,NULL);
INSERT INTO `role_actions` (`id`,`action_id`,`role_id`,`created_at`,`updated_at`) VALUES (65,65,1,NULL,NULL);
INSERT INTO `role_actions` (`id`,`action_id`,`role_id`,`created_at`,`updated_at`) VALUES (66,66,1,NULL,NULL);
INSERT INTO `role_actions` (`id`,`action_id`,`role_id`,`created_at`,`updated_at`) VALUES (67,67,1,NULL,NULL);
INSERT INTO `role_actions` (`id`,`action_id`,`role_id`,`created_at`,`updated_at`) VALUES (68,68,1,NULL,NULL);
INSERT INTO `role_actions` (`id`,`action_id`,`role_id`,`created_at`,`updated_at`) VALUES (69,69,1,NULL,NULL);
INSERT INTO `role_actions` (`id`,`action_id`,`role_id`,`created_at`,`updated_at`) VALUES (82,70,1,NULL,NULL);
INSERT INTO `role_actions` (`id`,`action_id`,`role_id`,`created_at`,`updated_at`) VALUES (83,71,1,NULL,NULL);
INSERT INTO `role_actions` (`id`,`action_id`,`role_id`,`created_at`,`updated_at`) VALUES (84,72,1,NULL,NULL);
INSERT INTO `role_actions` (`id`,`action_id`,`role_id`,`created_at`,`updated_at`) VALUES (85,73,1,NULL,NULL);
INSERT INTO `role_actions` (`id`,`action_id`,`role_id`,`created_at`,`updated_at`) VALUES (86,74,1,NULL,NULL);
INSERT INTO `role_actions` (`id`,`action_id`,`role_id`,`created_at`,`updated_at`) VALUES (95,75,1,NULL,NULL);
INSERT INTO `role_actions` (`id`,`action_id`,`role_id`,`created_at`,`updated_at`) VALUES (96,76,1,NULL,NULL);
INSERT INTO `role_actions` (`id`,`action_id`,`role_id`,`created_at`,`updated_at`) VALUES (97,77,1,NULL,NULL);
INSERT INTO `role_actions` (`id`,`action_id`,`role_id`,`created_at`,`updated_at`) VALUES (98,78,1,NULL,NULL);
INSERT INTO `role_actions` (`id`,`action_id`,`role_id`,`created_at`,`updated_at`) VALUES (99,79,1,NULL,NULL);
INSERT INTO `role_actions` (`id`,`action_id`,`role_id`,`created_at`,`updated_at`) VALUES (100,80,1,NULL,NULL);
INSERT INTO `role_actions` (`id`,`action_id`,`role_id`,`created_at`,`updated_at`) VALUES (101,81,1,NULL,NULL);
INSERT INTO `role_actions` (`id`,`action_id`,`role_id`,`created_at`,`updated_at`) VALUES (102,82,1,NULL,NULL);
INSERT INTO `role_actions` (`id`,`action_id`,`role_id`,`created_at`,`updated_at`) VALUES (103,83,1,NULL,NULL);
INSERT INTO `role_actions` (`id`,`action_id`,`role_id`,`created_at`,`updated_at`) VALUES (104,86,1,NULL,NULL);
INSERT INTO `role_actions` (`id`,`action_id`,`role_id`,`created_at`,`updated_at`) VALUES (105,85,1,NULL,NULL);
INSERT INTO `role_actions` (`id`,`action_id`,`role_id`,`created_at`,`updated_at`) VALUES (106,84,1,NULL,NULL);
INSERT INTO `role_actions` (`id`,`action_id`,`role_id`,`created_at`,`updated_at`) VALUES (107, 43, 9, NULL, NULL);
INSERT INTO `role_actions` (`id`,`action_id`,`role_id`,`created_at`,`updated_at`) VALUES (108, 70, 9, NULL, NULL);
INSERT INTO `role_actions` (`id`,`action_id`,`role_id`,`created_at`,`updated_at`) VALUES (109, 71, 9, NULL, NULL);
INSERT INTO `role_actions` (`id`,`action_id`,`role_id`,`created_at`,`updated_at`) VALUES (110, 72, 9, NULL, NULL);
INSERT INTO `role_actions` (`id`,`action_id`,`role_id`,`created_at`,`updated_at`) VALUES (111, 73, 9, NULL, NULL);
INSERT INTO `role_actions` (`id`,`action_id`,`role_id`,`created_at`,`updated_at`) VALUES (112, 46, 9, NULL, NULL);
INSERT INTO `role_actions` (`id`,`action_id`,`role_id`,`created_at`,`updated_at`) VALUES (113, 67, 9, NULL, NULL);
INSERT INTO `role_actions` (`id`,`action_id`,`role_id`,`created_at`,`updated_at`) VALUES (114, 69, 9, NULL, NULL);
INSERT INTO `role_actions` (`id`,`action_id`,`role_id`,`created_at`,`updated_at`) VALUES (115, 84, 9, NULL, NULL);
INSERT INTO `role_actions` (`id`,`action_id`,`role_id`,`created_at`,`updated_at`) VALUES (116, 86, 9, NULL, NULL);
INSERT INTO `role_actions` (`id`,`action_id`,`role_id`,`created_at`,`updated_at`) VALUES (117, 43, 2, NULL, NULL);
INSERT INTO `role_actions` (`id`,`action_id`,`role_id`,`created_at`,`updated_at`) VALUES (118, 46, 2, NULL, NULL);
INSERT INTO `role_actions` (`id`,`action_id`,`role_id`,`created_at`,`updated_at`) VALUES (119, 67, 2, NULL, NULL);
INSERT INTO `role_actions` (`id`,`action_id`,`role_id`,`created_at`,`updated_at`) VALUES (120, 84, 2, NULL, NULL);
INSERT INTO `role_actions` (`id`,`action_id`,`role_id`,`created_at`,`updated_at`) VALUES (121, 86, 2, NULL, NULL);
INSERT INTO `role_actions` (`id`,`action_id`,`role_id`,`created_at`,`updated_at`) VALUES (122, 43, 3, NULL, NULL);
INSERT INTO `role_actions` (`id`,`action_id`,`role_id`,`created_at`,`updated_at`) VALUES (123, 45, 3, NULL, NULL);
INSERT INTO `role_actions` (`id`,`action_id`,`role_id`,`created_at`,`updated_at`) VALUES (124, 46, 3, NULL, NULL);
INSERT INTO `role_actions` (`id`,`action_id`,`role_id`,`created_at`,`updated_at`) VALUES (125, 48, 3, NULL, NULL);
INSERT INTO `role_actions` (`id`,`action_id`,`role_id`,`created_at`,`updated_at`) VALUES (126, 84, 3, NULL, NULL);
INSERT INTO `role_actions` (`id`,`action_id`,`role_id`,`created_at`,`updated_at`) VALUES (127, 86, 3, NULL, NULL);

INSERT INTO `role_applications` (`id`,`role_id`,`application_id`,`created_at`,`updated_at`) VALUES (1,1,1,NULL,NULL);
INSERT INTO `role_applications` (`id`,`role_id`,`application_id`,`created_at`,`updated_at`) VALUES (2,2,1,NULL,NULL);
INSERT INTO `role_applications` (`id`,`role_id`,`application_id`,`created_at`,`updated_at`) VALUES (3,3,1,NULL,NULL);
INSERT INTO `role_applications` (`id`,`role_id`,`application_id`,`created_at`,`updated_at`) VALUES (4,9,1,NULL,NULL);

INSERT INTO `role_menus` (`id`,`role_id`,`menu_id`,`created_at`,`updated_at`) VALUES (1,1,1,NULL,NULL);
INSERT INTO `role_menus` (`id`,`role_id`,`menu_id`,`created_at`,`updated_at`) VALUES (2,1,4,NULL,NULL);
INSERT INTO `role_menus` (`id`,`role_id`,`menu_id`,`created_at`,`updated_at`) VALUES (3,1,5,NULL,NULL);
INSERT INTO `role_menus` (`id`,`role_id`,`menu_id`,`created_at`,`updated_at`) VALUES (4,1,6,NULL,NULL);
INSERT INTO `role_menus` (`id`,`role_id`,`menu_id`,`created_at`,`updated_at`) VALUES (5,1,7,NULL,NULL);
INSERT INTO `role_menus` (`id`,`role_id`,`menu_id`,`created_at`,`updated_at`) VALUES (6,1,2,NULL,NULL);
INSERT INTO `role_menus` (`id`,`role_id`,`menu_id`,`created_at`,`updated_at`) VALUES (7,1,3,NULL,NULL);
INSERT INTO `role_menus` (`id`,`role_id`,`menu_id`,`created_at`,`updated_at`) VALUES (8,1,16,NULL,NULL);
INSERT INTO `role_menus` (`id`,`role_id`,`menu_id`,`created_at`,`updated_at`) VALUES (9,1,17,NULL,NULL);
INSERT INTO `role_menus` (`id`,`role_id`,`menu_id`,`created_at`,`updated_at`) VALUES (10,1,18,NULL,NULL);
INSERT INTO `role_menus` (`id`,`role_id`,`menu_id`,`created_at`,`updated_at`) VALUES (11,1,19,NULL,NULL);
INSERT INTO `role_menus` (`id`,`role_id`,`menu_id`,`created_at`,`updated_at`) VALUES (12,1,20,NULL,NULL);
INSERT INTO `role_menus` (`id`,`role_id`,`menu_id`,`created_at`,`updated_at`) VALUES (13,1,21,NULL,NULL);
INSERT INTO `role_menus` (`id`,`role_id`,`menu_id`,`created_at`,`updated_at`) VALUES (14,1,26,NULL,NULL);
INSERT INTO `role_menus` (`id`,`role_id`,`menu_id`,`created_at`,`updated_at`) VALUES (15,1,27,NULL,NULL);
INSERT INTO `role_menus` (`id`,`role_id`,`menu_id`,`created_at`,`updated_at`) VALUES (16,1,28,NULL,NULL);
INSERT INTO `role_menus` (`id`,`role_id`,`menu_id`,`created_at`,`updated_at`) VALUES (17,1,29,NULL,NULL);
INSERT INTO `role_menus` (`id`,`role_id`,`menu_id`,`created_at`,`updated_at`) VALUES (18,1,30,NULL,NULL);
INSERT INTO `role_menus` (`id`,`role_id`,`menu_id`,`created_at`,`updated_at`) VALUES (19,1,31,NULL,NULL);
INSERT INTO `role_menus` (`id`,`role_id`,`menu_id`,`created_at`,`updated_at`) VALUES (20,1,32,NULL,NULL);
INSERT INTO `role_menus` (`id`,`role_id`,`menu_id`,`created_at`,`updated_at`) VALUES (21,1,33,NULL,NULL);
INSERT INTO `role_menus` (`id`,`role_id`,`menu_id`,`created_at`,`updated_at`) VALUES (22,1,34,NULL,NULL);
INSERT INTO `role_menus` (`id`,`role_id`,`menu_id`,`created_at`,`updated_at`) VALUES (23,1,35,NULL,NULL);
INSERT INTO `role_menus` (`id`,`role_id`,`menu_id`,`created_at`,`updated_at`) VALUES (24,9,1,NULL,NULL);
INSERT INTO `role_menus` (`id`,`role_id`,`menu_id`,`created_at`,`updated_at`) VALUES (25,9,26,NULL,NULL);
INSERT INTO `role_menus` (`id`,`role_id`,`menu_id`,`created_at`,`updated_at`) VALUES (26,9,27,NULL,NULL);
INSERT INTO `role_menus` (`id`,`role_id`,`menu_id`,`created_at`,`updated_at`) VALUES (27,9,34,NULL,NULL);
INSERT INTO `role_menus` (`id`,`role_id`,`menu_id`,`created_at`,`updated_at`) VALUES (28,9,35,NULL,NULL);
INSERT INTO `role_menus` (`id`,`role_id`,`menu_id`,`created_at`,`updated_at`) VALUES (29,2,1,NULL,NULL);
INSERT INTO `role_menus` (`id`,`role_id`,`menu_id`,`created_at`,`updated_at`) VALUES (30,2,27,NULL,NULL);
INSERT INTO `role_menus` (`id`,`role_id`,`menu_id`,`created_at`,`updated_at`) VALUES (31,2,26,NULL,NULL);
INSERT INTO `role_menus` (`id`,`role_id`,`menu_id`,`created_at`,`updated_at`) VALUES (32,2,34,NULL,NULL);
INSERT INTO `role_menus` (`id`,`role_id`,`menu_id`,`created_at`,`updated_at`) VALUES (33,2,35,NULL,NULL);
INSERT INTO `role_menus` (`id`,`role_id`,`menu_id`,`created_at`,`updated_at`) VALUES (34,3,1,NULL,NULL);
INSERT INTO `role_menus` (`id`,`role_id`,`menu_id`,`created_at`,`updated_at`) VALUES (35,3,26,NULL,NULL);
INSERT INTO `role_menus` (`id`,`role_id`,`menu_id`,`created_at`,`updated_at`) VALUES (36,3,27,NULL,NULL);
INSERT INTO `role_menus` (`id`,`role_id`,`menu_id`,`created_at`,`updated_at`) VALUES (37,3,35,NULL,NULL);

INSERT INTO `jenjangs` (`id`,`name`,`code`,`created_at`,`updated_at`) VALUES (1,'Taman Kanak Kanak','TK',NULL,NULL);
INSERT INTO `jenjangs` (`id`,`name`,`code`,`created_at`,`updated_at`) VALUES (2,'Sekolah Dasar','SD',NULL,NULL);
INSERT INTO `jenjangs` (`id`,`name`,`code`,`created_at`,`updated_at`) VALUES (3,'Sekolah Menengah Pertama','SMP',NULL,NULL);
INSERT INTO `jenjangs` (`id`,`name`,`code`,`created_at`,`updated_at`) VALUES (4,'Sekolah Menengah Atas','SMA',NULL,NULL);
INSERT INTO `jenjangs` (`id`,`name`,`code`,`created_at`,`updated_at`) VALUES (5,'Sekolah Tinggi','ST',NULL,NULL);

INSERT INTO `jurusans` (`id`,`jenjang_id`,`name`,`code`,`created_at`,`updated_at`) VALUES (1,4,'MATEMATIKA DAN ILMU PENGETAHUAN ALAM','MIPA',NULL,'2021-08-26 01:34:14');
INSERT INTO `jurusans` (`id`,`jenjang_id`,`name`,`code`,`created_at`,`updated_at`) VALUES (2,4,'ILMU PENGETAHUAN SOSIAL','IPS',NULL,'2021-08-26 01:34:23');
INSERT INTO `jurusans` (`id`,`jenjang_id`,`name`,`code`,`created_at`,`updated_at`) VALUES (3,4,'BAHASA DAN BUDAYA','BAHASA',NULL,'2021-08-26 01:34:32');

INSERT INTO `kelases` (`id`,`jenjang_id`,`school_id`,`name`,`code`,`created_at`,`updated_at`) VALUES (1,1,1,'KBB','KBB',NULL,NULL);
INSERT INTO `kelases` (`id`,`jenjang_id`,`school_id`,`name`,`code`,`created_at`,`updated_at`) VALUES (2,1,1,'KBK','KBK',NULL,NULL);
INSERT INTO `kelases` (`id`,`jenjang_id`,`school_id`,`name`,`code`,`created_at`,`updated_at`) VALUES (3,1,1,'TK A','TK A',NULL,NULL);
INSERT INTO `kelases` (`id`,`jenjang_id`,`school_id`,`name`,`code`,`created_at`,`updated_at`) VALUES (4,1,1,'TK B','TK B',NULL,NULL);
INSERT INTO `kelases` (`id`,`jenjang_id`,`school_id`,`name`,`code`,`created_at`,`updated_at`) VALUES (5,2,2,'1','1',NULL,NULL);
INSERT INTO `kelases` (`id`,`jenjang_id`,`school_id`,`name`,`code`,`created_at`,`updated_at`) VALUES (6,2,2,'2','2',NULL,NULL);
INSERT INTO `kelases` (`id`,`jenjang_id`,`school_id`,`name`,`code`,`created_at`,`updated_at`) VALUES (7,2,2,'3','3',NULL,NULL);
INSERT INTO `kelases` (`id`,`jenjang_id`,`school_id`,`name`,`code`,`created_at`,`updated_at`) VALUES (8,2,2,'4','4',NULL,NULL);
INSERT INTO `kelases` (`id`,`jenjang_id`,`school_id`,`name`,`code`,`created_at`,`updated_at`) VALUES (9,2,2,'5','5',NULL,NULL);
INSERT INTO `kelases` (`id`,`jenjang_id`,`school_id`,`name`,`code`,`created_at`,`updated_at`) VALUES (10,2,2,'6','6',NULL,NULL);
INSERT INTO `kelases` (`id`,`jenjang_id`,`school_id`,`name`,`code`,`created_at`,`updated_at`) VALUES (11,3,3,'7','7',NULL,NULL);
INSERT INTO `kelases` (`id`,`jenjang_id`,`school_id`,`name`,`code`,`created_at`,`updated_at`) VALUES (12,3,3,'8','8',NULL,NULL);
INSERT INTO `kelases` (`id`,`jenjang_id`,`school_id`,`name`,`code`,`created_at`,`updated_at`) VALUES (13,3,3,'9','9',NULL,NULL);
INSERT INTO `kelases` (`id`,`jenjang_id`,`school_id`,`name`,`code`,`created_at`,`updated_at`) VALUES (14,4,4,'10','10',NULL,'2021-09-09 06:12:41');
INSERT INTO `kelases` (`id`,`jenjang_id`,`school_id`,`name`,`code`,`created_at`,`updated_at`) VALUES (15,4,4,'11','11',NULL,'2021-09-09 06:12:50');
INSERT INTO `kelases` (`id`,`jenjang_id`,`school_id`,`name`,`code`,`created_at`,`updated_at`) VALUES (16,4,4,'12','12',NULL,'2021-09-09 06:12:56');
INSERT INTO `kelases` (`id`,`jenjang_id`,`school_id`,`name`,`code`,`created_at`,`updated_at`) VALUES (17,1,1,'KBBTKB','KBBTKB',NULL,NULL);
INSERT INTO `kelases` (`id`,`jenjang_id`,`school_id`,`name`,`code`,`created_at`,`updated_at`) VALUES (18,1,1,'KBKKBB','KBKKBB',NULL,NULL);
INSERT INTO `kelases` (`id`,`jenjang_id`,`school_id`,`name`,`code`,`created_at`,`updated_at`) VALUES (19,1,1,'KBKTKB','KBKTKB',NULL,NULL);
INSERT INTO `kelases` (`id`,`jenjang_id`,`school_id`,`name`,`code`,`created_at`,`updated_at`) VALUES (20,1,1,'N1TKB','N1TKB',NULL,NULL);
INSERT INTO `kelases` (`id`,`jenjang_id`,`school_id`,`name`,`code`,`created_at`,`updated_at`) VALUES (21,1,1,'N2TKB','N2TKB',NULL,NULL);
INSERT INTO `kelases` (`id`,`jenjang_id`,`school_id`,`name`,`code`,`created_at`,`updated_at`) VALUES (22,1,1,'NURSERY 1','NURSERY 1',NULL,NULL);
INSERT INTO `kelases` (`id`,`jenjang_id`,`school_id`,`name`,`code`,`created_at`,`updated_at`) VALUES (23,1,1,'NURSERY 2','NURSERY 2',NULL,NULL);
INSERT INTO `kelases` (`id`,`jenjang_id`,`school_id`,`name`,`code`,`created_at`,`updated_at`) VALUES (24,1,1,'TKATKB','TKATKB',NULL,NULL);

INSERT INTO `parallels` (`id`,`jenjang_id`,`school_id`,`kelas_id`,`jurusan_id`,`name`,`code`,`created_at`,`updated_at`) VALUES (1,4,6,14,1,'1','1',NULL,NULL);
INSERT INTO `parallels` (`id`,`jenjang_id`,`school_id`,`kelas_id`,`jurusan_id`,`name`,`code`,`created_at`,`updated_at`) VALUES (2,4,6,14,1,'2','2',NULL,NULL);
INSERT INTO `parallels` (`id`,`jenjang_id`,`school_id`,`kelas_id`,`jurusan_id`,`name`,`code`,`created_at`,`updated_at`) VALUES (3,4,6,14,1,'3','3',NULL,NULL);
INSERT INTO `parallels` (`id`,`jenjang_id`,`school_id`,`kelas_id`,`jurusan_id`,`name`,`code`,`created_at`,`updated_at`) VALUES (4,4,6,14,1,'4','4',NULL,NULL);
INSERT INTO `parallels` (`id`,`jenjang_id`,`school_id`,`kelas_id`,`jurusan_id`,`name`,`code`,`created_at`,`updated_at`) VALUES (5,4,6,14,2,'1','1',NULL,NULL);
INSERT INTO `parallels` (`id`,`jenjang_id`,`school_id`,`kelas_id`,`jurusan_id`,`name`,`code`,`created_at`,`updated_at`) VALUES (6,4,6,14,2,'2','2',NULL,NULL);
INSERT INTO `parallels` (`id`,`jenjang_id`,`school_id`,`kelas_id`,`jurusan_id`,`name`,`code`,`created_at`,`updated_at`) VALUES (7,4,6,14,3,'1','1',NULL,NULL);
INSERT INTO `parallels` (`id`,`jenjang_id`,`school_id`,`kelas_id`,`jurusan_id`,`name`,`code`,`created_at`,`updated_at`) VALUES (8,4,6,14,1,'5','5',NULL,NULL);
INSERT INTO `parallels` (`id`,`jenjang_id`,`school_id`,`kelas_id`,`jurusan_id`,`name`,`code`,`created_at`,`updated_at`) VALUES (9,4,6,14,2,'3','3',NULL,NULL);
INSERT INTO `parallels` (`id`,`jenjang_id`,`school_id`,`kelas_id`,`jurusan_id`,`name`,`code`,`created_at`,`updated_at`) VALUES (10,4,6,15,1,'1','1',NULL,NULL);
INSERT INTO `parallels` (`id`,`jenjang_id`,`school_id`,`kelas_id`,`jurusan_id`,`name`,`code`,`created_at`,`updated_at`) VALUES (11,4,6,15,1,'2','2',NULL,NULL);
INSERT INTO `parallels` (`id`,`jenjang_id`,`school_id`,`kelas_id`,`jurusan_id`,`name`,`code`,`created_at`,`updated_at`) VALUES (12,4,6,15,1,'3','3',NULL,NULL);
INSERT INTO `parallels` (`id`,`jenjang_id`,`school_id`,`kelas_id`,`jurusan_id`,`name`,`code`,`created_at`,`updated_at`) VALUES (13,4,6,15,1,'4','4',NULL,NULL);
INSERT INTO `parallels` (`id`,`jenjang_id`,`school_id`,`kelas_id`,`jurusan_id`,`name`,`code`,`created_at`,`updated_at`) VALUES (14,4,6,15,2,'1','1',NULL,NULL);
INSERT INTO `parallels` (`id`,`jenjang_id`,`school_id`,`kelas_id`,`jurusan_id`,`name`,`code`,`created_at`,`updated_at`) VALUES (15,4,6,15,2,'2','2',NULL,NULL);
INSERT INTO `parallels` (`id`,`jenjang_id`,`school_id`,`kelas_id`,`jurusan_id`,`name`,`code`,`created_at`,`updated_at`) VALUES (16,4,6,15,3,'1','1',NULL,NULL);
INSERT INTO `parallels` (`id`,`jenjang_id`,`school_id`,`kelas_id`,`jurusan_id`,`name`,`code`,`created_at`,`updated_at`) VALUES (17,4,6,15,1,'5','5',NULL,NULL);
INSERT INTO `parallels` (`id`,`jenjang_id`,`school_id`,`kelas_id`,`jurusan_id`,`name`,`code`,`created_at`,`updated_at`) VALUES (18,4,6,15,2,'3','3',NULL,NULL);
INSERT INTO `parallels` (`id`,`jenjang_id`,`school_id`,`kelas_id`,`jurusan_id`,`name`,`code`,`created_at`,`updated_at`) VALUES (19,4,6,16,3,'1','1',NULL,NULL);
INSERT INTO `parallels` (`id`,`jenjang_id`,`school_id`,`kelas_id`,`jurusan_id`,`name`,`code`,`created_at`,`updated_at`) VALUES (20,4,6,16,1,'1','1',NULL,NULL);
INSERT INTO `parallels` (`id`,`jenjang_id`,`school_id`,`kelas_id`,`jurusan_id`,`name`,`code`,`created_at`,`updated_at`) VALUES (21,4,6,16,1,'2','2',NULL,NULL);
INSERT INTO `parallels` (`id`,`jenjang_id`,`school_id`,`kelas_id`,`jurusan_id`,`name`,`code`,`created_at`,`updated_at`) VALUES (22,4,6,16,1,'3','3',NULL,NULL);
INSERT INTO `parallels` (`id`,`jenjang_id`,`school_id`,`kelas_id`,`jurusan_id`,`name`,`code`,`created_at`,`updated_at`) VALUES (23,4,6,16,1,'4','4',NULL,NULL);
INSERT INTO `parallels` (`id`,`jenjang_id`,`school_id`,`kelas_id`,`jurusan_id`,`name`,`code`,`created_at`,`updated_at`) VALUES (24,4,6,16,2,'1','1',NULL,NULL);
INSERT INTO `parallels` (`id`,`jenjang_id`,`school_id`,`kelas_id`,`jurusan_id`,`name`,`code`,`created_at`,`updated_at`) VALUES (25,4,6,16,2,'2','2',NULL,NULL);
INSERT INTO `parallels` (`id`,`jenjang_id`,`school_id`,`kelas_id`,`jurusan_id`,`name`,`code`,`created_at`,`updated_at`) VALUES (26,4,6,15,2,'3','3',NULL,NULL);
INSERT INTO `parallels` (`id`,`jenjang_id`,`school_id`,`kelas_id`,`jurusan_id`,`name`,`code`,`created_at`,`updated_at`) VALUES (27,4,6,16,1,'5','5',NULL,NULL);
INSERT INTO `parallels` (`id`,`jenjang_id`,`school_id`,`kelas_id`,`jurusan_id`,`name`,`code`,`created_at`,`updated_at`) VALUES (28,3,5,11,NULL,'6','6',NULL,NULL);
INSERT INTO `parallels` (`id`,`jenjang_id`,`school_id`,`kelas_id`,`jurusan_id`,`name`,`code`,`created_at`,`updated_at`) VALUES (29,3,5,11,NULL,'7','7',NULL,NULL);
INSERT INTO `parallels` (`id`,`jenjang_id`,`school_id`,`kelas_id`,`jurusan_id`,`name`,`code`,`created_at`,`updated_at`) VALUES (30,3,5,11,NULL,'8','8',NULL,NULL);
INSERT INTO `parallels` (`id`,`jenjang_id`,`school_id`,`kelas_id`,`jurusan_id`,`name`,`code`,`created_at`,`updated_at`) VALUES (31,3,5,11,NULL,'9','9',NULL,NULL);
INSERT INTO `parallels` (`id`,`jenjang_id`,`school_id`,`kelas_id`,`jurusan_id`,`name`,`code`,`created_at`,`updated_at`) VALUES (32,2,4,5,NULL,'I-1 Apollo','I-1 Apollo',NULL,NULL);
INSERT INTO `parallels` (`id`,`jenjang_id`,`school_id`,`kelas_id`,`jurusan_id`,`name`,`code`,`created_at`,`updated_at`) VALUES (33,2,4,5,NULL,'I-10 Agape','I-10 Agape',NULL,NULL);
INSERT INTO `parallels` (`id`,`jenjang_id`,`school_id`,`kelas_id`,`jurusan_id`,`name`,`code`,`created_at`,`updated_at`) VALUES (34,2,4,5,NULL,'I-11 Vesta','I-11 Vesta',NULL,NULL);
INSERT INTO `parallels` (`id`,`jenjang_id`,`school_id`,`kelas_id`,`jurusan_id`,`name`,`code`,`created_at`,`updated_at`) VALUES (35,2,4,5,NULL,'I-12 Hestia','I-12 Hestia',NULL,NULL);
INSERT INTO `parallels` (`id`,`jenjang_id`,`school_id`,`kelas_id`,`jurusan_id`,`name`,`code`,`created_at`,`updated_at`) VALUES (36,2,4,5,NULL,'I-2 Athena','I-2 Athena',NULL,NULL);
INSERT INTO `parallels` (`id`,`jenjang_id`,`school_id`,`kelas_id`,`jurusan_id`,`name`,`code`,`created_at`,`updated_at`) VALUES (37,2,4,5,NULL,'I-3 Zeus','I-3 Zeus',NULL,NULL);
INSERT INTO `parallels` (`id`,`jenjang_id`,`school_id`,`kelas_id`,`jurusan_id`,`name`,`code`,`created_at`,`updated_at`) VALUES (38,2,4,5,NULL,'I-4 Selene','I-4 Selene',NULL,NULL);
INSERT INTO `parallels` (`id`,`jenjang_id`,`school_id`,`kelas_id`,`jurusan_id`,`name`,`code`,`created_at`,`updated_at`) VALUES (39,2,4,5,NULL,'I-5 Venus','I-5 Venus',NULL,NULL);
INSERT INTO `parallels` (`id`,`jenjang_id`,`school_id`,`kelas_id`,`jurusan_id`,`name`,`code`,`created_at`,`updated_at`) VALUES (40,2,4,5,NULL,'I-6 Mercurius','I-6 Mercurius',NULL,NULL);
INSERT INTO `parallels` (`id`,`jenjang_id`,`school_id`,`kelas_id`,`jurusan_id`,`name`,`code`,`created_at`,`updated_at`) VALUES (41,2,4,5,NULL,'I-7 Helios','I-7 Helios',NULL,NULL);
INSERT INTO `parallels` (`id`,`jenjang_id`,`school_id`,`kelas_id`,`jurusan_id`,`name`,`code`,`created_at`,`updated_at`) VALUES (42,2,4,5,NULL,'I-8 Titan','I-8 Titan',NULL,NULL);
INSERT INTO `parallels` (`id`,`jenjang_id`,`school_id`,`kelas_id`,`jurusan_id`,`name`,`code`,`created_at`,`updated_at`) VALUES (43,2,4,5,NULL,'I-9 Mars','I-9 Mars',NULL,NULL);
INSERT INTO `parallels` (`id`,`jenjang_id`,`school_id`,`kelas_id`,`jurusan_id`,`name`,`code`,`created_at`,`updated_at`) VALUES (44,2,4,6,NULL,'II-1','II-1',NULL,NULL);
INSERT INTO `parallels` (`id`,`jenjang_id`,`school_id`,`kelas_id`,`jurusan_id`,`name`,`code`,`created_at`,`updated_at`) VALUES (45,2,4,6,NULL,'II-10','II-10',NULL,NULL);
INSERT INTO `parallels` (`id`,`jenjang_id`,`school_id`,`kelas_id`,`jurusan_id`,`name`,`code`,`created_at`,`updated_at`) VALUES (46,2,4,6,NULL,'II-2','II-2',NULL,NULL);
INSERT INTO `parallels` (`id`,`jenjang_id`,`school_id`,`kelas_id`,`jurusan_id`,`name`,`code`,`created_at`,`updated_at`) VALUES (47,2,4,6,NULL,'II-3','II-3',NULL,NULL);
INSERT INTO `parallels` (`id`,`jenjang_id`,`school_id`,`kelas_id`,`jurusan_id`,`name`,`code`,`created_at`,`updated_at`) VALUES (48,2,4,6,NULL,'II-4','II-4',NULL,NULL);
INSERT INTO `parallels` (`id`,`jenjang_id`,`school_id`,`kelas_id`,`jurusan_id`,`name`,`code`,`created_at`,`updated_at`) VALUES (49,2,4,6,NULL,'II-5','II-5',NULL,NULL);
INSERT INTO `parallels` (`id`,`jenjang_id`,`school_id`,`kelas_id`,`jurusan_id`,`name`,`code`,`created_at`,`updated_at`) VALUES (50,2,4,6,NULL,'II-6','II-6',NULL,NULL);
INSERT INTO `parallels` (`id`,`jenjang_id`,`school_id`,`kelas_id`,`jurusan_id`,`name`,`code`,`created_at`,`updated_at`) VALUES (51,2,4,6,NULL,'II-7','II-7',NULL,NULL);
INSERT INTO `parallels` (`id`,`jenjang_id`,`school_id`,`kelas_id`,`jurusan_id`,`name`,`code`,`created_at`,`updated_at`) VALUES (52,2,4,6,NULL,'II-8','II-8',NULL,NULL);
INSERT INTO `parallels` (`id`,`jenjang_id`,`school_id`,`kelas_id`,`jurusan_id`,`name`,`code`,`created_at`,`updated_at`) VALUES (53,2,4,6,NULL,'II-9','II-9',NULL,NULL);
INSERT INTO `parallels` (`id`,`jenjang_id`,`school_id`,`kelas_id`,`jurusan_id`,`name`,`code`,`created_at`,`updated_at`) VALUES (54,2,4,7,NULL,'III-1','III-1',NULL,NULL);
INSERT INTO `parallels` (`id`,`jenjang_id`,`school_id`,`kelas_id`,`jurusan_id`,`name`,`code`,`created_at`,`updated_at`) VALUES (55,2,4,7,NULL,'III-10','III-10',NULL,NULL);
INSERT INTO `parallels` (`id`,`jenjang_id`,`school_id`,`kelas_id`,`jurusan_id`,`name`,`code`,`created_at`,`updated_at`) VALUES (56,2,4,7,NULL,'III-2','III-2',NULL,NULL);
INSERT INTO `parallels` (`id`,`jenjang_id`,`school_id`,`kelas_id`,`jurusan_id`,`name`,`code`,`created_at`,`updated_at`) VALUES (57,2,4,7,NULL,'III-3','III-3',NULL,NULL);
INSERT INTO `parallels` (`id`,`jenjang_id`,`school_id`,`kelas_id`,`jurusan_id`,`name`,`code`,`created_at`,`updated_at`) VALUES (58,2,4,7,NULL,'III-4','III-4',NULL,NULL);
INSERT INTO `parallels` (`id`,`jenjang_id`,`school_id`,`kelas_id`,`jurusan_id`,`name`,`code`,`created_at`,`updated_at`) VALUES (59,2,4,7,NULL,'III-5','III-5',NULL,NULL);
INSERT INTO `parallels` (`id`,`jenjang_id`,`school_id`,`kelas_id`,`jurusan_id`,`name`,`code`,`created_at`,`updated_at`) VALUES (60,2,4,7,NULL,'III-6','III-6',NULL,NULL);
INSERT INTO `parallels` (`id`,`jenjang_id`,`school_id`,`kelas_id`,`jurusan_id`,`name`,`code`,`created_at`,`updated_at`) VALUES (61,2,4,7,NULL,'III-7','III-7',NULL,NULL);
INSERT INTO `parallels` (`id`,`jenjang_id`,`school_id`,`kelas_id`,`jurusan_id`,`name`,`code`,`created_at`,`updated_at`) VALUES (62,2,4,7,NULL,'III-8','III-8',NULL,NULL);
INSERT INTO `parallels` (`id`,`jenjang_id`,`school_id`,`kelas_id`,`jurusan_id`,`name`,`code`,`created_at`,`updated_at`) VALUES (63,2,4,7,NULL,'III-9','III-9',NULL,NULL);
INSERT INTO `parallels` (`id`,`jenjang_id`,`school_id`,`kelas_id`,`jurusan_id`,`name`,`code`,`created_at`,`updated_at`) VALUES (64,2,4,8,NULL,'IV-1','IV-1',NULL,NULL);
INSERT INTO `parallels` (`id`,`jenjang_id`,`school_id`,`kelas_id`,`jurusan_id`,`name`,`code`,`created_at`,`updated_at`) VALUES (65,2,4,8,NULL,'IV-10','IV-10',NULL,NULL);
INSERT INTO `parallels` (`id`,`jenjang_id`,`school_id`,`kelas_id`,`jurusan_id`,`name`,`code`,`created_at`,`updated_at`) VALUES (66,2,4,8,NULL,'IV-2','IV-2',NULL,NULL);
INSERT INTO `parallels` (`id`,`jenjang_id`,`school_id`,`kelas_id`,`jurusan_id`,`name`,`code`,`created_at`,`updated_at`) VALUES (67,2,4,8,NULL,'IV-3','IV-3',NULL,NULL);
INSERT INTO `parallels` (`id`,`jenjang_id`,`school_id`,`kelas_id`,`jurusan_id`,`name`,`code`,`created_at`,`updated_at`) VALUES (68,2,4,8,NULL,'IV-4','IV-4',NULL,NULL);
INSERT INTO `parallels` (`id`,`jenjang_id`,`school_id`,`kelas_id`,`jurusan_id`,`name`,`code`,`created_at`,`updated_at`) VALUES (69,2,4,8,NULL,'IV-5','IV-5',NULL,NULL);
INSERT INTO `parallels` (`id`,`jenjang_id`,`school_id`,`kelas_id`,`jurusan_id`,`name`,`code`,`created_at`,`updated_at`) VALUES (70,2,4,8,NULL,'IV-6','IV-6',NULL,NULL);
INSERT INTO `parallels` (`id`,`jenjang_id`,`school_id`,`kelas_id`,`jurusan_id`,`name`,`code`,`created_at`,`updated_at`) VALUES (71,2,4,8,NULL,'IV-7','IV-7',NULL,NULL);
INSERT INTO `parallels` (`id`,`jenjang_id`,`school_id`,`kelas_id`,`jurusan_id`,`name`,`code`,`created_at`,`updated_at`) VALUES (72,2,4,8,NULL,'IV-8','IV-8',NULL,NULL);
INSERT INTO `parallels` (`id`,`jenjang_id`,`school_id`,`kelas_id`,`jurusan_id`,`name`,`code`,`created_at`,`updated_at`) VALUES (73,2,4,8,NULL,'IV-9','IV-9',NULL,NULL);
INSERT INTO `parallels` (`id`,`jenjang_id`,`school_id`,`kelas_id`,`jurusan_id`,`name`,`code`,`created_at`,`updated_at`) VALUES (74,2,4,9,NULL,'V-1','V-1',NULL,NULL);
INSERT INTO `parallels` (`id`,`jenjang_id`,`school_id`,`kelas_id`,`jurusan_id`,`name`,`code`,`created_at`,`updated_at`) VALUES (75,2,4,9,NULL,'V-10','V-10',NULL,NULL);
INSERT INTO `parallels` (`id`,`jenjang_id`,`school_id`,`kelas_id`,`jurusan_id`,`name`,`code`,`created_at`,`updated_at`) VALUES (76,2,4,9,NULL,'V-2','V-2',NULL,NULL);
INSERT INTO `parallels` (`id`,`jenjang_id`,`school_id`,`kelas_id`,`jurusan_id`,`name`,`code`,`created_at`,`updated_at`) VALUES (77,2,4,9,NULL,'V-3','V-3',NULL,NULL);
INSERT INTO `parallels` (`id`,`jenjang_id`,`school_id`,`kelas_id`,`jurusan_id`,`name`,`code`,`created_at`,`updated_at`) VALUES (78,2,4,9,NULL,'V-4','V-4',NULL,NULL);
INSERT INTO `parallels` (`id`,`jenjang_id`,`school_id`,`kelas_id`,`jurusan_id`,`name`,`code`,`created_at`,`updated_at`) VALUES (79,2,4,9,NULL,'V-5','V-5',NULL,NULL);
INSERT INTO `parallels` (`id`,`jenjang_id`,`school_id`,`kelas_id`,`jurusan_id`,`name`,`code`,`created_at`,`updated_at`) VALUES (80,2,4,9,NULL,'V-6','V-6',NULL,NULL);
INSERT INTO `parallels` (`id`,`jenjang_id`,`school_id`,`kelas_id`,`jurusan_id`,`name`,`code`,`created_at`,`updated_at`) VALUES (81,2,4,9,NULL,'V-7','V-7',NULL,NULL);
INSERT INTO `parallels` (`id`,`jenjang_id`,`school_id`,`kelas_id`,`jurusan_id`,`name`,`code`,`created_at`,`updated_at`) VALUES (82,2,4,9,NULL,'V-8','V-8',NULL,NULL);
INSERT INTO `parallels` (`id`,`jenjang_id`,`school_id`,`kelas_id`,`jurusan_id`,`name`,`code`,`created_at`,`updated_at`) VALUES (83,2,4,9,NULL,'V-9','V-9',NULL,NULL);
INSERT INTO `parallels` (`id`,`jenjang_id`,`school_id`,`kelas_id`,`jurusan_id`,`name`,`code`,`created_at`,`updated_at`) VALUES (84,2,4,10,NULL,'VI-1','VI-1',NULL,NULL);
INSERT INTO `parallels` (`id`,`jenjang_id`,`school_id`,`kelas_id`,`jurusan_id`,`name`,`code`,`created_at`,`updated_at`) VALUES (85,2,4,10,NULL,'VI-10','VI-10',NULL,NULL);
INSERT INTO `parallels` (`id`,`jenjang_id`,`school_id`,`kelas_id`,`jurusan_id`,`name`,`code`,`created_at`,`updated_at`) VALUES (86,2,4,10,NULL,'VI-2','VI-2',NULL,NULL);
INSERT INTO `parallels` (`id`,`jenjang_id`,`school_id`,`kelas_id`,`jurusan_id`,`name`,`code`,`created_at`,`updated_at`) VALUES (87,2,4,10,NULL,'VI-3','VI-3',NULL,NULL);
INSERT INTO `parallels` (`id`,`jenjang_id`,`school_id`,`kelas_id`,`jurusan_id`,`name`,`code`,`created_at`,`updated_at`) VALUES (88,2,4,10,NULL,'VI-4','VI-4',NULL,NULL);
INSERT INTO `parallels` (`id`,`jenjang_id`,`school_id`,`kelas_id`,`jurusan_id`,`name`,`code`,`created_at`,`updated_at`) VALUES (89,2,4,10,NULL,'VI-5','VI-5',NULL,NULL);
INSERT INTO `parallels` (`id`,`jenjang_id`,`school_id`,`kelas_id`,`jurusan_id`,`name`,`code`,`created_at`,`updated_at`) VALUES (90,2,4,10,NULL,'VI-6','VI-6',NULL,NULL);
INSERT INTO `parallels` (`id`,`jenjang_id`,`school_id`,`kelas_id`,`jurusan_id`,`name`,`code`,`created_at`,`updated_at`) VALUES (91,2,4,10,NULL,'VI-7','VI-7',NULL,NULL);
INSERT INTO `parallels` (`id`,`jenjang_id`,`school_id`,`kelas_id`,`jurusan_id`,`name`,`code`,`created_at`,`updated_at`) VALUES (92,2,4,10,NULL,'VI-8','VI-8',NULL,NULL);
INSERT INTO `parallels` (`id`,`jenjang_id`,`school_id`,`kelas_id`,`jurusan_id`,`name`,`code`,`created_at`,`updated_at`) VALUES (93,2,4,10,NULL,'VI-9','VI-9',NULL,NULL);
INSERT INTO `parallels` (`id`,`jenjang_id`,`school_id`,`kelas_id`,`jurusan_id`,`name`,`code`,`created_at`,`updated_at`) VALUES (94,1,3,4,NULL,'ACHIEVERS A','ACHIEVERS A',NULL,NULL);
INSERT INTO `parallels` (`id`,`jenjang_id`,`school_id`,`kelas_id`,`jurusan_id`,`name`,`code`,`created_at`,`updated_at`) VALUES (95,1,3,4,NULL,'ACHIEVERS B','ACHIEVERS B',NULL,NULL);
INSERT INTO `parallels` (`id`,`jenjang_id`,`school_id`,`kelas_id`,`jurusan_id`,`name`,`code`,`created_at`,`updated_at`) VALUES (96,1,3,4,NULL,'ACHIEVERS C','ACHIEVERS C',NULL,NULL);
INSERT INTO `parallels` (`id`,`jenjang_id`,`school_id`,`kelas_id`,`jurusan_id`,`name`,`code`,`created_at`,`updated_at`) VALUES (97,1,3,4,NULL,'ACHIEVERS D','ACHIEVERS D',NULL,NULL);
INSERT INTO `parallels` (`id`,`jenjang_id`,`school_id`,`kelas_id`,`jurusan_id`,`name`,`code`,`created_at`,`updated_at`) VALUES (98,1,3,4,NULL,'ACHIEVERS E','ACHIEVERS E',NULL,NULL);
INSERT INTO `parallels` (`id`,`jenjang_id`,`school_id`,`kelas_id`,`jurusan_id`,`name`,`code`,`created_at`,`updated_at`) VALUES (99,1,3,4,NULL,'ACHIEVERS F','ACHIEVERS F',NULL,NULL);
INSERT INTO `parallels` (`id`,`jenjang_id`,`school_id`,`kelas_id`,`jurusan_id`,`name`,`code`,`created_at`,`updated_at`) VALUES (100,1,3,4,NULL,'ACHIEVERS G','ACHIEVERS G',NULL,NULL);
INSERT INTO `parallels` (`id`,`jenjang_id`,`school_id`,`kelas_id`,`jurusan_id`,`name`,`code`,`created_at`,`updated_at`) VALUES (101,1,3,4,NULL,'ACHIEVERS H','ACHIEVERS H',NULL,NULL);
INSERT INTO `parallels` (`id`,`jenjang_id`,`school_id`,`kelas_id`,`jurusan_id`,`name`,`code`,`created_at`,`updated_at`) VALUES (102,1,3,4,NULL,'ACHIEVERS I','ACHIEVERS I',NULL,NULL);
INSERT INTO `parallels` (`id`,`jenjang_id`,`school_id`,`kelas_id`,`jurusan_id`,`name`,`code`,`created_at`,`updated_at`) VALUES (103,1,3,4,NULL,'ACHIEVERS J','ACHIEVERS J',NULL,NULL);
INSERT INTO `parallels` (`id`,`jenjang_id`,`school_id`,`kelas_id`,`jurusan_id`,`name`,`code`,`created_at`,`updated_at`) VALUES (104,1,3,2,NULL,'CARNATION A','CARNATION A',NULL,NULL);
INSERT INTO `parallels` (`id`,`jenjang_id`,`school_id`,`kelas_id`,`jurusan_id`,`name`,`code`,`created_at`,`updated_at`) VALUES (105,1,3,1,NULL,'DAISY A','DAISY A',NULL,NULL);
INSERT INTO `parallels` (`id`,`jenjang_id`,`school_id`,`kelas_id`,`jurusan_id`,`name`,`code`,`created_at`,`updated_at`) VALUES (106,1,3,1,NULL,'GARDENIA A','GARDENIA A',NULL,NULL);
INSERT INTO `parallels` (`id`,`jenjang_id`,`school_id`,`kelas_id`,`jurusan_id`,`name`,`code`,`created_at`,`updated_at`) VALUES (107,1,3,1,NULL,'JASMINE A','JASMINE A',NULL,NULL);
INSERT INTO `parallels` (`id`,`jenjang_id`,`school_id`,`kelas_id`,`jurusan_id`,`name`,`code`,`created_at`,`updated_at`) VALUES (108,1,3,1,NULL,'JASMINE B','JASMINE B',NULL,NULL);
INSERT INTO `parallels` (`id`,`jenjang_id`,`school_id`,`kelas_id`,`jurusan_id`,`name`,`code`,`created_at`,`updated_at`) VALUES (109,1,3,2,NULL,'LAVENDER A','LAVENDER A',NULL,NULL);
INSERT INTO `parallels` (`id`,`jenjang_id`,`school_id`,`kelas_id`,`jurusan_id`,`name`,`code`,`created_at`,`updated_at`) VALUES (110,1,3,3,NULL,'LEARNERS A','LEARNERS A',NULL,NULL);
INSERT INTO `parallels` (`id`,`jenjang_id`,`school_id`,`kelas_id`,`jurusan_id`,`name`,`code`,`created_at`,`updated_at`) VALUES (111,1,3,3,NULL,'LEARNERS B','LEARNERS B',NULL,NULL);
INSERT INTO `parallels` (`id`,`jenjang_id`,`school_id`,`kelas_id`,`jurusan_id`,`name`,`code`,`created_at`,`updated_at`) VALUES (112,1,3,3,NULL,'LEARNERS C','LEARNERS C',NULL,NULL);
INSERT INTO `parallels` (`id`,`jenjang_id`,`school_id`,`kelas_id`,`jurusan_id`,`name`,`code`,`created_at`,`updated_at`) VALUES (113,1,3,3,NULL,'LEARNERS D','LEARNERS D',NULL,NULL);
INSERT INTO `parallels` (`id`,`jenjang_id`,`school_id`,`kelas_id`,`jurusan_id`,`name`,`code`,`created_at`,`updated_at`) VALUES (114,1,3,3,NULL,'LEARNERS E','LEARNERS E',NULL,NULL);
INSERT INTO `parallels` (`id`,`jenjang_id`,`school_id`,`kelas_id`,`jurusan_id`,`name`,`code`,`created_at`,`updated_at`) VALUES (115,1,3,3,NULL,'LEARNERS F','LEARNERS F',NULL,NULL);
INSERT INTO `parallels` (`id`,`jenjang_id`,`school_id`,`kelas_id`,`jurusan_id`,`name`,`code`,`created_at`,`updated_at`) VALUES (116,1,3,3,NULL,'LEARNERS G','LEARNERS G',NULL,NULL);
INSERT INTO `parallels` (`id`,`jenjang_id`,`school_id`,`kelas_id`,`jurusan_id`,`name`,`code`,`created_at`,`updated_at`) VALUES (117,1,3,3,NULL,'LEARNERS H','LEARNERS H',NULL,NULL);
INSERT INTO `parallels` (`id`,`jenjang_id`,`school_id`,`kelas_id`,`jurusan_id`,`name`,`code`,`created_at`,`updated_at`) VALUES (118,1,3,2,NULL,'LILY A','LILY A',NULL,NULL);
INSERT INTO `parallels` (`id`,`jenjang_id`,`school_id`,`kelas_id`,`jurusan_id`,`name`,`code`,`created_at`,`updated_at`) VALUES (119,1,3,1,NULL,'ORCHID A','ORCHID A',NULL,NULL);
INSERT INTO `parallels` (`id`,`jenjang_id`,`school_id`,`kelas_id`,`jurusan_id`,`name`,`code`,`created_at`,`updated_at`) VALUES (120,1,3,1,NULL,'ROSE A','ROSE A',NULL,NULL);
INSERT INTO `parallels` (`id`,`jenjang_id`,`school_id`,`kelas_id`,`jurusan_id`,`name`,`code`,`created_at`,`updated_at`) VALUES (121,1,3,1,NULL,'SUNFLOWER A','SUNFLOWER A',NULL,NULL);
INSERT INTO `parallels` (`id`,`jenjang_id`,`school_id`,`kelas_id`,`jurusan_id`,`name`,`code`,`created_at`,`updated_at`) VALUES (122,1,3,1,NULL,'SUNFLOWER B','SUNFLOWER B',NULL,NULL);
INSERT INTO `parallels` (`id`,`jenjang_id`,`school_id`,`kelas_id`,`jurusan_id`,`name`,`code`,`created_at`,`updated_at`) VALUES (123,1,3,2,NULL,'TULIP A','TULIP A',NULL,NULL);
INSERT INTO `parallels` (`id`,`jenjang_id`,`school_id`,`kelas_id`,`jurusan_id`,`name`,`code`,`created_at`,`updated_at`) VALUES (124,1,3,4,NULL,'Achievers A','Achievers A',NULL,NULL);
INSERT INTO `parallels` (`id`,`jenjang_id`,`school_id`,`kelas_id`,`jurusan_id`,`name`,`code`,`created_at`,`updated_at`) VALUES (125,1,3,4,NULL,'Achievers B','Achievers B',NULL,NULL);
INSERT INTO `parallels` (`id`,`jenjang_id`,`school_id`,`kelas_id`,`jurusan_id`,`name`,`code`,`created_at`,`updated_at`) VALUES (126,1,3,4,NULL,'Achievers C','Achievers C',NULL,NULL);
INSERT INTO `parallels` (`id`,`jenjang_id`,`school_id`,`kelas_id`,`jurusan_id`,`name`,`code`,`created_at`,`updated_at`) VALUES (127,1,3,4,NULL,'Achievers D','Achievers D',NULL,NULL);
INSERT INTO `parallels` (`id`,`jenjang_id`,`school_id`,`kelas_id`,`jurusan_id`,`name`,`code`,`created_at`,`updated_at`) VALUES (128,1,3,4,NULL,'Achievers E','Achievers E',NULL,NULL);
INSERT INTO `parallels` (`id`,`jenjang_id`,`school_id`,`kelas_id`,`jurusan_id`,`name`,`code`,`created_at`,`updated_at`) VALUES (129,1,3,4,NULL,'Achievers F','Achievers F',NULL,NULL);
INSERT INTO `parallels` (`id`,`jenjang_id`,`school_id`,`kelas_id`,`jurusan_id`,`name`,`code`,`created_at`,`updated_at`) VALUES (130,1,3,4,NULL,'Achievers G','Achievers G',NULL,NULL);
INSERT INTO `parallels` (`id`,`jenjang_id`,`school_id`,`kelas_id`,`jurusan_id`,`name`,`code`,`created_at`,`updated_at`) VALUES (131,1,3,4,NULL,'Achievers H','Achievers H',NULL,NULL);
INSERT INTO `parallels` (`id`,`jenjang_id`,`school_id`,`kelas_id`,`jurusan_id`,`name`,`code`,`created_at`,`updated_at`) VALUES (132,1,3,4,NULL,'Achievers I','Achievers I',NULL,NULL);
INSERT INTO `parallels` (`id`,`jenjang_id`,`school_id`,`kelas_id`,`jurusan_id`,`name`,`code`,`created_at`,`updated_at`) VALUES (133,1,3,4,NULL,'Achievers J','Achievers J',NULL,NULL);
INSERT INTO `parallels` (`id`,`jenjang_id`,`school_id`,`kelas_id`,`jurusan_id`,`name`,`code`,`created_at`,`updated_at`) VALUES (134,1,3,22,NULL,'CARNATION B','CARNATION B',NULL,NULL);
INSERT INTO `parallels` (`id`,`jenjang_id`,`school_id`,`kelas_id`,`jurusan_id`,`name`,`code`,`created_at`,`updated_at`) VALUES (135,1,3,23,NULL,'GARDENIA B','GARDENIA B',NULL,NULL);
INSERT INTO `parallels` (`id`,`jenjang_id`,`school_id`,`kelas_id`,`jurusan_id`,`name`,`code`,`created_at`,`updated_at`) VALUES (136,1,3,22,NULL,'LAVENDER B','LAVENDER B',NULL,NULL);
INSERT INTO `parallels` (`id`,`jenjang_id`,`school_id`,`kelas_id`,`jurusan_id`,`name`,`code`,`created_at`,`updated_at`) VALUES (137,1,3,3,NULL,'Learners B','Learners B',NULL,NULL);
INSERT INTO `parallels` (`id`,`jenjang_id`,`school_id`,`kelas_id`,`jurusan_id`,`name`,`code`,`created_at`,`updated_at`) VALUES (138,1,3,3,NULL,'Learners C','Learners C',NULL,NULL);
INSERT INTO `parallels` (`id`,`jenjang_id`,`school_id`,`kelas_id`,`jurusan_id`,`name`,`code`,`created_at`,`updated_at`) VALUES (139,1,3,3,NULL,'Learners D','Learners D',NULL,NULL);
INSERT INTO `parallels` (`id`,`jenjang_id`,`school_id`,`kelas_id`,`jurusan_id`,`name`,`code`,`created_at`,`updated_at`) VALUES (140,1,3,3,NULL,'Learners F','Learners F',NULL,NULL);
INSERT INTO `parallels` (`id`,`jenjang_id`,`school_id`,`kelas_id`,`jurusan_id`,`name`,`code`,`created_at`,`updated_at`) VALUES (141,1,3,3,NULL,'Learners G','Learners G',NULL,NULL);
INSERT INTO `parallels` (`id`,`jenjang_id`,`school_id`,`kelas_id`,`jurusan_id`,`name`,`code`,`created_at`,`updated_at`) VALUES (142,1,3,3,NULL,'Learners H','Learners H',NULL,NULL);
INSERT INTO `parallels` (`id`,`jenjang_id`,`school_id`,`kelas_id`,`jurusan_id`,`name`,`code`,`created_at`,`updated_at`) VALUES (143,1,3,3,NULL,'Learners I','Learners I',NULL,NULL);
INSERT INTO `parallels` (`id`,`jenjang_id`,`school_id`,`kelas_id`,`jurusan_id`,`name`,`code`,`created_at`,`updated_at`) VALUES (144,1,3,3,NULL,'Learners J','Learners J',NULL,NULL);
INSERT INTO `parallels` (`id`,`jenjang_id`,`school_id`,`kelas_id`,`jurusan_id`,`name`,`code`,`created_at`,`updated_at`) VALUES (145,1,3,22,NULL,'LILY B','LILY B',NULL,NULL);
INSERT INTO `parallels` (`id`,`jenjang_id`,`school_id`,`kelas_id`,`jurusan_id`,`name`,`code`,`created_at`,`updated_at`) VALUES (146,1,3,22,NULL,'TULIP B','TULIP B',NULL,NULL);
INSERT INTO `parallels` (`id`,`jenjang_id`,`school_id`,`kelas_id`,`jurusan_id`,`name`,`code`,`created_at`,`updated_at`) VALUES (147,1,3,22,NULL,'CARNATION B','CARNATION B',NULL,NULL);
INSERT INTO `parallels` (`id`,`jenjang_id`,`school_id`,`kelas_id`,`jurusan_id`,`name`,`code`,`created_at`,`updated_at`) VALUES (148,1,3,23,NULL,'GARDENIA B','GARDENIA B',NULL,NULL);
INSERT INTO `parallels` (`id`,`jenjang_id`,`school_id`,`kelas_id`,`jurusan_id`,`name`,`code`,`created_at`,`updated_at`) VALUES (149,1,3,22,NULL,'LAVENDER B','LAVENDER B',NULL,NULL);
INSERT INTO `parallels` (`id`,`jenjang_id`,`school_id`,`kelas_id`,`jurusan_id`,`name`,`code`,`created_at`,`updated_at`) VALUES (150,1,3,3,NULL,'LEARNERS I','LEARNERS I',NULL,NULL);
INSERT INTO `parallels` (`id`,`jenjang_id`,`school_id`,`kelas_id`,`jurusan_id`,`name`,`code`,`created_at`,`updated_at`) VALUES (151,1,3,3,NULL,'LEARNERS J','LEARNERS J',NULL,NULL);
INSERT INTO `parallels` (`id`,`jenjang_id`,`school_id`,`kelas_id`,`jurusan_id`,`name`,`code`,`created_at`,`updated_at`) VALUES (152,1,3,2,NULL,'LILY B','LILY B',NULL,NULL);
INSERT INTO `parallels` (`id`,`jenjang_id`,`school_id`,`kelas_id`,`jurusan_id`,`name`,`code`,`created_at`,`updated_at`) VALUES (153,1,3,1,NULL,'LOTUS A','LOTUS A',NULL,NULL);
INSERT INTO `parallels` (`id`,`jenjang_id`,`school_id`,`kelas_id`,`jurusan_id`,`name`,`code`,`created_at`,`updated_at`) VALUES (154,1,3,23,NULL,'ORCHID B','ORCHID B',NULL,NULL);
INSERT INTO `parallels` (`id`,`jenjang_id`,`school_id`,`kelas_id`,`jurusan_id`,`name`,`code`,`created_at`,`updated_at`) VALUES (155,1,3,23,NULL,'ROSE B','ROSE B',NULL,NULL);

INSERT INTO `schools` (`id`,`name`,`code`,`jenjang_id`,`head_employee_id`,`created_at`,`updated_at`) VALUES (1,'TK Pahoa','TKP',1,1,'2021-08-05 07:21:05','2021-08-05 10:49:30');
INSERT INTO `schools` (`id`,`name`,`code`,`jenjang_id`,`head_employee_id`,`created_at`,`updated_at`) VALUES (2,'SD Pahoa','SDP',2,1,'2021-08-05 10:48:24','2021-08-05 10:49:13');
INSERT INTO `schools` (`id`,`name`,`code`,`jenjang_id`,`head_employee_id`,`created_at`,`updated_at`) VALUES (3,'SMP Pahoa','SMPP',3,1,'2021-08-05 10:48:51',NULL);
INSERT INTO `schools` (`id`,`name`,`code`,`jenjang_id`,`head_employee_id`,`created_at`,`updated_at`) VALUES (4,'SMA Pahoa','SMAP',4,1,'2021-08-05 10:49:00',NULL);

INSERT INTO `tahun_pelajarans` (`id`,`name`,`start_date`,`end_date`,`is_active`,`created_at`,`updated_at`) VALUES (2,'2013-2014',NULL,NULL,0,NULL,'2021-08-10 03:42:29');
INSERT INTO `tahun_pelajarans` (`id`,`name`,`start_date`,`end_date`,`is_active`,`created_at`,`updated_at`) VALUES (1,'2012-2013',NULL,NULL,0,NULL,'2021-08-10 03:42:29');
INSERT INTO `tahun_pelajarans` (`id`,`name`,`start_date`,`end_date`,`is_active`,`created_at`,`updated_at`) VALUES (3,'2014-2015',NULL,NULL,0,NULL,'2021-08-10 03:42:29');
INSERT INTO `tahun_pelajarans` (`id`,`name`,`start_date`,`end_date`,`is_active`,`created_at`,`updated_at`) VALUES (4,'2015-2016',NULL,NULL,0,'2021-08-09 06:31:46','2021-08-10 03:42:36');
INSERT INTO `tahun_pelajarans` (`id`,`name`,`start_date`,`end_date`,`is_active`,`created_at`,`updated_at`) VALUES (5,'2016-2017',NULL,NULL,0,'2021-09-17 06:35:49',NULL);
INSERT INTO `tahun_pelajarans` (`id`,`name`,`start_date`,`end_date`,`is_active`,`created_at`,`updated_at`) VALUES (6,'2017-2018',NULL,NULL,0,'2021-09-17 06:35:49',NULL);
INSERT INTO `tahun_pelajarans` (`id`,`name`,`start_date`,`end_date`,`is_active`,`created_at`,`updated_at`) VALUES (7,'2018-2019',NULL,NULL,0,'2021-09-17 06:35:49',NULL);
INSERT INTO `tahun_pelajarans` (`id`,`name`,`start_date`,`end_date`,`is_active`,`created_at`,`updated_at`) VALUES (8,'2019-2020',NULL,NULL,0,'2021-09-17 06:35:49',NULL);
INSERT INTO `tahun_pelajarans` (`id`,`name`,`start_date`,`end_date`,`is_active`,`created_at`,`updated_at`) VALUES (9,'2020-2021',NULL,NULL,1,'2021-09-17 06:35:49',NULL);
INSERT INTO `tahun_pelajarans` (`id`,`name`,`start_date`,`end_date`,`is_active`,`created_at`,`updated_at`) VALUES (10,'2021-2022',NULL,NULL,0,'2021-09-17 06:35:49',NULL);
